Granularity,Start Date,End Date,Total Orders Including Cancelled Orders,Total Delivered or Picked Up Orders,Total Missing or Incorrect Orders,Missing/Incorrect %,Total Error Charges,Total Cancelled Orders,Total Cancellation Rate %,Total Avoidable Cancellations,Avoidable Cancellation Rate %,Point of Sale Error Rate %,Average Avoidable Dasher Wait,Average Dasher Wait,Average Delivery Time (ASAP),Uptime %,Downtime %,Total Downtime in Minutes,Average Rating,Total Number of Ratings Received in Period of Time,Total 1 Star Ratings,Total 5 Star Ratings,Number of Dislikes,Number of Loved,Percentage of Loved,Currency,Average ASAP Minutes
Day of 2026-06-03,2026-06-03,2026-06-03,1,1,0,0.00,0.00,0,0.00,0,0.00,0.00,0.00,0.00,0.00,0.0,100.0,0,NULL,0,NULL,NULL,0,0,0.00,USD,0.00
Day of 2026-06-02,2026-06-02,2026-06-02,109,107,12,11.01,69.25,2,1.83,1,0.92,0.00,5.35,6.78,21.91,100.0,0.0,0,NULL,4,NULL,NULL,1,1,25.00,USD,21.91
Day of 2026-06-01,2026-06-01,2026-06-01,128,127,8,6.25,69.51,1,0.78,0,0.00,0.00,4.40,5.26,19.41,100.0,0.0,0,NULL,6,NULL,NULL,2,4,66.67,USD,19.41
Day of 2026-05-31,2026-05-31,2026-05-31,175,173,14,8.00,100.49,2,1.14,2,1.14,0.00,4.98,6.05,23.04,98.44,1.56,60,NULL,4,NULL,NULL,1,3,75.00,USD,23.04
Day of 2026-05-30,2026-05-30,2026-05-30,192,184,10,5.21,73.01,8,4.17,3,1.56,0.52,3.95,5.01,22.75,100.0,0.0,0,NULL,12,NULL,NULL,1,5,41.67,USD,22.75
Day of 2026-05-29,2026-05-29,2026-05-29,161,157,13,8.07,80.76,4,2.48,0,0.00,0.00,3.81,4.88,22.19,99.6,0.4,16,NULL,11,NULL,NULL,0,8,72.73,USD,22.19
Day of 2026-05-28,2026-05-28,2026-05-28,126,124,10,7.94,76.74,2,1.59,0,0.00,0.79,4.34,4.94,19.79,100.0,0.0,0,NULL,5,NULL,NULL,1,2,40.00,USD,19.79
Day of 2026-05-27,2026-05-27,2026-05-27,104,104,1,0.96,13.92,0,0.00,0,0.00,0.00,3.97,4.75,19.88,98.68,1.32,45,NULL,8,NULL,NULL,2,1,12.50,USD,19.88
Day of 2026-05-26,2026-05-26,2026-05-26,107,101,7,6.54,57.94,6,5.61,0,0.00,0.00,4.65,5.33,20.26,100.0,0.0,0,NULL,6,NULL,NULL,1,1,16.67,USD,20.26
Day of 2026-05-25,2026-05-25,2026-05-25,90,90,5,5.56,21.09,0,0.00,0,0.00,1.11,4.53,5.57,21.76,99.59,0.41,14,NULL,5,NULL,NULL,0,0,0.00,USD,21.76
Day of 2026-05-24,2026-05-24,2026-05-24,168,167,7,4.17,28.00,1,0.60,0,0.00,0.60,4.21,5.47,21.53,99.33,0.67,27,NULL,6,NULL,NULL,3,0,0.00,USD,21.53
Day of 2026-05-23,2026-05-23,2026-05-23,186,182,8,4.30,57.76,4,2.15,1,0.54,1.08,3.81,4.78,24.19,99.93,0.07,3,NULL,7,NULL,NULL,2,3,42.86,USD,24.19
Day of 2026-05-22,2026-05-22,2026-05-22,195,193,13,6.67,68.44,2,1.03,0,0.00,0.51,4.21,5.50,23.50,99.8,0.2,8,NULL,13,NULL,NULL,1,5,38.46,USD,23.50
Day of 2026-05-21,2026-05-21,2026-05-21,118,118,7,5.93,50.70,0,0.00,0,0.00,0.00,4.42,5.49,18.58,100.0,0.0,0,NULL,11,NULL,NULL,1,5,45.45,USD,18.58
Day of 2026-05-20,2026-05-20,2026-05-20,117,112,8,6.84,35.70,5,4.27,0,0.00,0.00,4.38,5.39,20.50,100.0,0.0,0,NULL,10,NULL,NULL,1,4,40.00,USD,20.50
Day of 2026-05-19,2026-05-19,2026-05-19,83,80,6,7.23,28.71,3,3.61,1,1.20,0.00,3.53,4.42,18.47,100.0,0.0,0,NULL,6,NULL,NULL,1,2,33.33,USD,18.47
Day of 2026-05-18,2026-05-18,2026-05-18,103,101,5,4.85,26.12,2,1.94,2,1.94,0.00,3.24,4.44,19.12,100.0,0.0,0,NULL,7,NULL,NULL,1,2,28.57,USD,19.12
Day of 2026-05-17,2026-05-17,2026-05-17,184,177,16,8.70,153.28,7,3.80,4,2.17,0.00,5.59,6.79,26.29,98.53,1.47,59,NULL,6,NULL,NULL,1,2,33.33,USD,26.29
Day of 2026-05-16,2026-05-16,2026-05-16,168,164,11,6.55,84.85,4,2.38,2,1.19,0.00,4.53,5.91,26.22,99.22,0.78,29,NULL,4,NULL,NULL,1,1,25.00,USD,26.22
Day of 2026-05-15,2026-05-15,2026-05-15,196,186,12,6.12,113.53,10,5.10,2,1.02,0.00,4.67,5.91,22.88,98.15,1.85,71,NULL,14,NULL,NULL,3,3,21.43,USD,22.88
Day of 2026-05-14,2026-05-14,2026-05-14,98,96,4,4.08,25.84,2,2.04,1,1.02,0.00,3.99,5.02,20.35,100.0,0.0,0,NULL,6,NULL,NULL,1,3,50.00,USD,20.35
Day of 2026-05-13,2026-05-13,2026-05-13,106,102,4,3.77,10.08,4,3.77,3,2.83,0.94,4.84,5.64,20.45,99.48,0.52,17,NULL,7,NULL,NULL,1,1,14.29,USD,20.45
Day of 2026-05-12,2026-05-12,2026-05-12,99,96,6,6.06,30.25,3,3.03,0,0.00,0.00,3.26,4.11,19.10,100.0,0.0,0,NULL,6,NULL,NULL,2,0,0.00,USD,19.10
Day of 2026-05-11,2026-05-11,2026-05-11,103,98,4,3.88,22.26,5,4.85,3,2.91,0.00,4.52,5.77,22.14,98.73,1.27,41,NULL,5,NULL,NULL,2,1,20.00,USD,22.14
Day of 2026-05-10,2026-05-10,2026-05-10,153,153,10,6.54,66.93,0,0.00,0,0.00,0.65,4.89,6.32,23.41,98.88,1.12,45,NULL,4,NULL,NULL,1,3,75.00,USD,23.41
Day of 2026-05-09,2026-05-09,2026-05-09,184,179,9,4.89,107.59,5,2.72,1,0.54,0.00,4.10,5.08,24.36,98.59,1.41,54,NULL,13,NULL,NULL,6,3,23.08,USD,24.36
Day of 2026-05-08,2026-05-08,2026-05-08,199,193,13,6.53,72.67,6,3.02,4,2.01,0.50,4.07,5.14,22.42,99.38,0.62,25,NULL,14,NULL,NULL,3,6,42.86,USD,22.42
Day of 2026-05-07,2026-05-07,2026-05-07,145,145,7,4.83,30.76,0,0.00,0,0.00,0.00,4.04,5.24,22.01,100.0,0.0,0,NULL,7,NULL,NULL,2,2,28.57,USD,22.01
Day of 2026-05-06,2026-05-06,2026-05-06,140,139,10,7.14,44.84,1,0.71,0,0.00,0.00,4.09,5.04,21.08,99.65,0.35,12,NULL,9,NULL,NULL,1,4,44.44,USD,21.08
Day of 2026-05-05,2026-05-05,2026-05-05,130,128,9,6.92,31.88,2,1.54,1,0.77,0.00,3.97,5.08,18.58,99.12,0.88,30,NULL,4,NULL,NULL,0,1,25.00,USD,18.58
Day of 2026-05-04,2026-05-04,2026-05-04,116,115,4,3.45,20.97,1,0.86,0,0.00,0.00,4.10,4.99,21.54,100.0,0.0,0,NULL,3,NULL,NULL,2,0,0.00,USD,21.54
Day of 2026-05-03,2026-05-03,2026-05-03,170,163,15,8.82,83.84,7,4.12,2,1.18,0.00,4.95,5.84,25.13,99.03,0.97,39,NULL,4,NULL,NULL,4,0,0.00,USD,25.13
Day of 2026-05-02,2026-05-02,2026-05-02,221,209,19,8.60,67.51,12,5.43,5,2.26,0.91,4.20,5.43,25.99,97.76,2.24,86,NULL,10,NULL,NULL,1,3,30.00,USD,25.99
Day of 2026-05-01,2026-05-01,2026-05-01,192,188,15,7.81,89.63,4,2.08,0,0.00,1.04,4.36,5.34,23.75,99.74,0.26,10,NULL,10,NULL,NULL,1,1,10.00,USD,23.75
Day of 2026-04-30,2026-04-30,2026-04-30,125,123,14,11.20,62.98,2,1.60,0,0.00,0.00,3.98,5.02,22.24,100.0,0.0,0,NULL,4,NULL,NULL,2,1,25.00,USD,22.24
Day of 2026-04-29,2026-04-29,2026-04-29,121,120,7,5.79,65.75,1,0.83,0,0.00,0.00,5.89,5.54,21.18,99.12,0.88,30,NULL,4,NULL,NULL,0,2,50.00,USD,21.18
Day of 2026-04-28,2026-04-28,2026-04-28,116,115,7,6.03,52.60,1,0.86,0,0.00,0.00,5.61,7.13,22.51,98.24,1.76,60,NULL,8,NULL,NULL,1,3,37.50,USD,22.51
Day of 2026-04-27,2026-04-27,2026-04-27,107,107,7,6.54,25.82,0,0.00,0,0.00,0.00,5.21,6.76,22.90,99.12,0.88,30,NULL,6,NULL,NULL,2,1,16.67,USD,22.90
Day of 2026-04-26,2026-04-26,2026-04-26,186,176,8,4.30,79.99,10,5.38,6,3.23,0.00,5.65,6.56,26.85,92.76,7.24,291,NULL,7,NULL,NULL,3,0,0.00,USD,26.85
Day of 2026-04-25,2026-04-25,2026-04-25,199,195,18,9.05,106.39,4,2.01,1,0.50,1.01,4.51,5.66,23.45,99.7,0.3,12,NULL,11,NULL,NULL,0,4,36.36,USD,23.45
Day of 2026-04-24,2026-04-24,2026-04-24,168,165,14,8.33,78.41,3,1.79,0,0.00,2.38,4.35,5.39,24.33,100.0,0.0,0,NULL,9,NULL,NULL,3,4,44.44,USD,24.33
Day of 2026-04-23,2026-04-23,2026-04-23,100,100,4,4.00,24.62,0,0.00,0,0.00,0.00,4.77,5.92,20.75,99.88,0.12,4,NULL,11,NULL,NULL,1,4,36.36,USD,20.75
Day of 2026-04-22,2026-04-22,2026-04-22,93,92,2,2.15,13.93,1,1.08,0,0.00,0.00,3.95,4.81,19.68,100.0,0.0,0,NULL,13,NULL,NULL,2,6,46.15,USD,19.68
Day of 2026-04-21,2026-04-21,2026-04-21,101,99,6,5.94,22.45,2,1.98,1,0.99,0.00,3.75,4.62,21.77,100.0,0.0,0,NULL,2,NULL,NULL,1,0,0.00,USD,21.77
Day of 2026-04-20,2026-04-20,2026-04-20,103,103,9,8.74,64.52,0,0.00,0,0.00,1.94,4.42,5.41,20.94,100.0,0.0,0,NULL,8,NULL,NULL,3,4,50.00,USD,20.94
Day of 2026-04-19,2026-04-19,2026-04-19,201,184,9,4.48,36.74,17,8.46,6,2.99,7.46,5.36,6.38,32.69,98.66,1.34,47,NULL,4,NULL,NULL,2,1,25.00,USD,32.69
Day of 2026-04-18,2026-04-18,2026-04-18,189,169,12,6.35,76.10,20,10.58,3,1.59,6.88,4.11,5.27,27.71,98.2,1.8,69,NULL,8,NULL,NULL,3,2,25.00,USD,27.71
Day of 2026-04-17,2026-04-17,2026-04-17,183,176,14,7.65,72.49,7,3.83,2,1.09,0.55,4.37,5.32,23.40,98.72,1.28,49,NULL,9,NULL,NULL,0,3,33.33,USD,23.40
Day of 2026-04-16,2026-04-16,2026-04-16,125,125,10,8.00,56.75,0,0.00,0,0.00,0.00,4.27,5.22,20.91,99.85,0.15,5,NULL,9,NULL,NULL,2,3,33.33,USD,20.91
Day of 2026-04-15,2026-04-15,2026-04-15,95,93,6,6.32,33.12,2,2.11,1,1.05,1.05,4.17,4.85,19.92,100.0,0.0,0,NULL,6,NULL,NULL,1,1,16.67,USD,19.92
Day of 2026-04-14,2026-04-14,2026-04-14,119,115,10,8.40,46.67,4,3.36,0,0.00,0.00,4.54,5.44,20.82,100.0,0.0,0,NULL,10,NULL,NULL,4,0,0.00,USD,20.82
Day of 2026-04-13,2026-04-13,2026-04-13,106,106,3,2.83,10.68,0,0.00,0,0.00,0.00,3.85,4.56,20.53,100.0,0.0,0,NULL,3,NULL,NULL,0,0,0.00,USD,20.53
Day of 2026-04-12,2026-04-12,2026-04-12,181,168,11,6.08,70.36,13,7.18,7,3.87,3.31,4.15,5.13,24.40,98.38,1.62,65,NULL,6,NULL,NULL,2,3,50.00,USD,24.40
Day of 2026-04-11,2026-04-11,2026-04-11,239,231,12,5.02,56.60,8,3.35,4,1.67,0.00,4.31,5.23,21.60,100.0,0.0,0,NULL,14,NULL,NULL,2,6,42.86,USD,21.60
Day of 2026-04-10,2026-04-10,2026-04-10,222,214,28,12.61,174.43,8,3.60,3,1.35,0.45,4.22,5.27,22.45,99.6,0.4,16,NULL,10,NULL,NULL,3,3,30.00,USD,22.45
Day of 2026-04-09,2026-04-09,2026-04-09,144,144,13,9.03,80.79,0,0.00,0,0.00,0.00,4.37,5.28,20.19,100.0,0.0,0,NULL,6,NULL,NULL,1,2,33.33,USD,20.19
Day of 2026-04-08,2026-04-08,2026-04-08,141,139,7,4.96,33.58,2,1.42,1,0.71,0.00,4.39,5.26,21.10,100.0,0.0,0,NULL,11,NULL,NULL,1,3,27.27,USD,21.10
Day of 2026-04-07,2026-04-07,2026-04-07,135,132,10,7.41,98.80,3,2.22,0,0.00,0.00,4.10,5.15,19.65,100.0,0.0,0,NULL,15,NULL,NULL,7,4,26.67,USD,19.65
Day of 2026-04-06,2026-04-06,2026-04-06,133,132,12,9.02,53.44,1,0.75,1,0.75,0.75,5.00,6.15,21.98,99.12,0.88,30,NULL,12,NULL,NULL,2,4,33.33,USD,21.98
Day of 2026-04-05,2026-04-05,2026-04-05,186,179,11,5.91,52.52,7,3.76,6,3.23,0.00,5.01,6.40,24.80,97.39,2.61,105,NULL,12,NULL,NULL,1,2,16.67,USD,24.80
Day of 2026-04-04,2026-04-04,2026-04-04,224,221,15,6.70,102.16,3,1.34,1,0.45,0.00,4.43,5.45,24.91,100.0,0.0,0,NULL,8,NULL,NULL,3,2,25.00,USD,24.91
Day of 2026-04-03,2026-04-03,2026-04-03,247,243,25,10.12,178.68,4,1.62,0,0.00,2.02,4.61,5.68,24.42,100.0,0.0,0,NULL,15,NULL,NULL,4,6,40.00,USD,24.42
Day of 2026-04-02,2026-04-02,2026-04-02,176,175,14,7.95,114.80,1,0.57,0,0.00,1.14,4.11,5.26,22.79,100.0,0.0,0,NULL,10,NULL,NULL,1,2,20.00,USD,22.79
Day of 2026-04-01,2026-04-01,2026-04-01,163,159,11,6.75,80.49,4,2.45,2,1.23,19.02,5.51,6.90,22.36,100.0,0.0,0,NULL,12,NULL,NULL,3,2,16.67,USD,22.36
Day of 2026-03-31,2026-03-31,2026-03-31,140,137,8,5.71,66.20,3,2.14,1,0.71,12.86,5.00,5.94,20.52,98.24,1.76,60,NULL,10,NULL,NULL,2,3,30.00,USD,20.52
Day of 2026-03-30,2026-03-30,2026-03-30,118,116,9,7.63,45.68,2,1.69,0,0.00,0.85,5.16,6.49,22.36,99.33,0.67,23,NULL,8,NULL,NULL,1,4,50.00,USD,22.36
Day of 2026-03-29,2026-03-29,2026-03-29,191,181,18,9.42,112.22,10,5.24,8,4.19,0.00,5.98,6.70,24.71,94.97,5.03,202,NULL,7,NULL,NULL,1,3,42.86,USD,24.71
Day of 2026-03-28,2026-03-28,2026-03-28,234,225,23,9.83,169.69,9,3.85,3,1.28,0.00,5.29,6.07,26.20,99.73,0.27,11,NULL,9,NULL,NULL,1,5,55.56,USD,26.20
Day of 2026-03-27,2026-03-27,2026-03-27,188,182,13,6.91,83.89,6,3.19,4,2.13,1.06,4.58,5.64,23.56,98.82,1.18,37,NULL,10,NULL,NULL,2,3,30.00,USD,23.56
Day of 2026-03-26,2026-03-26,2026-03-26,130,129,10,7.69,52.26,1,0.77,1,0.77,0.00,3.94,5.47,21.86,100.0,0.0,0,NULL,2,NULL,NULL,1,1,50.00,USD,21.86
Day of 2026-03-25,2026-03-25,2026-03-25,134,131,16,11.94,119.69,3,2.24,1,0.75,0.00,5.19,6.52,22.14,100.0,0.0,0,NULL,4,NULL,NULL,2,1,25.00,USD,22.14
Day of 2026-03-24,2026-03-24,2026-03-24,123,119,6,4.88,33.55,4,3.25,2,1.63,0.00,4.24,5.36,21.54,100.0,0.0,0,NULL,2,NULL,NULL,0,1,50.00,USD,21.54
Day of 2026-03-23,2026-03-23,2026-03-23,112,112,9,8.04,85.23,0,0.00,0,0.00,0.00,3.98,5.12,18.77,100.0,0.0,0,NULL,7,NULL,NULL,3,2,28.57,USD,18.77
Day of 2026-03-22,2026-03-22,2026-03-22,224,208,16,7.14,88.98,16,7.14,13,5.80,0.89,4.40,5.43,21.01,97.93,2.07,83,NULL,7,NULL,NULL,1,2,28.57,USD,21.01
Day of 2026-03-21,2026-03-21,2026-03-21,184,181,7,3.80,72.64,3,1.63,1,0.54,0.00,3.86,4.82,22.88,99.13,0.87,35,NULL,6,NULL,NULL,0,5,83.33,USD,22.88
Day of 2026-03-20,2026-03-20,2026-03-20,222,216,7,3.15,40.39,6,2.70,2,0.90,1.35,3.89,4.98,24.71,98.76,1.24,50,NULL,9,NULL,NULL,2,4,44.44,USD,24.71
Day of 2026-03-19,2026-03-19,2026-03-19,180,178,10,5.56,78.69,2,1.11,0,0.00,1.11,4.02,5.08,19.97,99.62,0.38,13,NULL,7,NULL,NULL,1,1,14.29,USD,19.97
Day of 2026-03-18,2026-03-18,2026-03-18,149,148,9,6.04,42.03,1,0.67,0,0.00,0.00,4.19,5.54,20.79,99.21,0.79,27,NULL,10,NULL,NULL,0,1,10.00,USD,20.79
Day of 2026-03-17,2026-03-17,2026-03-17,124,120,6,4.84,33.87,4,3.23,0,0.00,0.81,4.01,5.50,25.85,99.12,0.88,30,NULL,8,NULL,NULL,2,4,50.00,USD,25.85
Day of 2026-03-16,2026-03-16,2026-03-16,121,121,11,9.09,48.98,0,0.00,0,0.00,0.00,3.44,4.36,20.87,99.33,0.67,23,NULL,7,NULL,NULL,2,2,28.57,USD,20.87
Day of 2026-03-15,2026-03-15,2026-03-15,209,190,23,11.00,134.17,19,9.09,7,3.35,0.96,4.91,6.40,23.94,94.2,5.8,160,NULL,9,NULL,NULL,3,3,33.33,USD,23.94
Day of 2026-03-14,2026-03-14,2026-03-14,223,215,14,6.28,59.07,8,3.59,1,0.45,0.00,4.56,5.89,23.37,98.23,1.77,68,NULL,12,NULL,NULL,1,5,41.67,USD,23.37
Day of 2026-03-13,2026-03-13,2026-03-13,249,242,17,6.83,150.27,7,2.81,3,1.20,0.40,3.66,4.68,21.61,99.78,0.22,9,NULL,8,NULL,NULL,4,1,12.50,USD,21.61
Day of 2026-03-12,2026-03-12,2026-03-12,147,144,15,10.20,113.48,3,2.04,0,0.00,0.00,4.48,5.54,20.12,96.63,3.37,115,NULL,9,NULL,NULL,3,4,44.44,USD,20.12
Day of 2026-03-11,2026-03-11,2026-03-11,155,152,10,6.45,93.62,3,1.94,0,0.00,0.00,4.09,5.07,19.85,99.12,0.88,30,NULL,10,NULL,NULL,1,3,30.00,USD,19.85
Day of 2026-03-10,2026-03-10,2026-03-10,150,147,9,6.00,72.22,3,2.00,0,0.00,0.67,3.93,4.93,22.23,100.0,0.0,0,NULL,12,NULL,NULL,3,6,50.00,USD,22.23
Day of 2026-03-09,2026-03-09,2026-03-09,135,133,11,8.15,95.12,2,1.48,1,0.74,0.00,4.00,5.12,21.62,99.62,0.38,13,NULL,7,NULL,NULL,1,1,14.29,USD,21.62
Day of 2026-03-08,2026-03-08,2026-03-08,210,181,8,3.81,54.15,29,13.81,22,10.48,0.00,3.75,4.71,21.08,96.17,3.83,154,NULL,10,NULL,NULL,3,3,30.00,USD,21.08
Day of 2026-03-07,2026-03-07,2026-03-07,211,200,14,6.64,81.56,11,5.21,9,4.27,0.00,3.81,4.93,23.00,97.59,2.41,97,NULL,10,NULL,NULL,4,2,20.00,USD,23.00
Day of 2026-03-06,2026-03-06,2026-03-06,203,190,17,8.37,95.36,13,6.40,6,2.96,0.00,3.85,5.30,27.07,96.51,3.49,140,NULL,10,NULL,NULL,6,1,10.00,USD,27.07
Day of 2026-03-05,2026-03-05,2026-03-05,187,183,15,8.02,143.34,4,2.14,2,1.07,0.00,4.76,6.38,23.32,98.36,1.64,56,NULL,14,NULL,NULL,4,3,21.43,USD,23.32
Day of 2026-03-04,2026-03-04,2026-03-04,150,149,9,6.00,58.62,1,0.67,0,0.00,0.00,4.06,5.12,22.23,99.68,0.32,11,NULL,4,NULL,NULL,2,2,50.00,USD,22.23
Day of 2026-03-03,2026-03-03,2026-03-03,182,181,9,4.95,48.29,1,0.55,0,0.00,0.00,3.93,4.97,21.32,98.98,1.02,35,NULL,13,NULL,NULL,4,4,30.77,USD,21.32
Day of 2026-03-02,2026-03-02,2026-03-02,143,142,7,4.90,74.51,1,0.70,0,0.00,0.00,4.70,5.65,19.97,99.18,0.82,28,NULL,10,NULL,NULL,3,2,20.00,USD,19.97
Day of 2026-03-01,2026-03-01,2026-03-01,256,250,30,11.72,220.75,6,2.34,1,0.39,0.00,5.14,6.17,27.99,97.61,2.39,96,NULL,10,NULL,NULL,3,1,10.00,USD,27.99
Day of 2026-02-28,2026-02-28,2026-02-28,238,221,14,5.88,64.36,17,7.14,9,3.78,0.42,4.49,6.13,28.50,96.46,3.54,136,NULL,9,NULL,NULL,2,2,22.22,USD,28.50
Day of 2026-02-27,2026-02-27,2026-02-27,255,237,17,6.67,175.21,18,7.06,9,3.53,1.18,4.49,6.17,28.37,96.24,3.76,151,NULL,13,NULL,NULL,5,5,38.46,USD,28.37
Day of 2026-02-26,2026-02-26,2026-02-26,177,174,18,10.17,109.46,3,1.69,2,1.13,0.00,3.90,5.55,22.46,100.0,0.0,0,NULL,9,NULL,NULL,4,1,11.11,USD,22.46
Day of 2026-02-25,2026-02-25,2026-02-25,169,162,15,8.88,96.24,7,4.14,1,0.59,0.59,4.15,5.72,25.50,99.57,0.43,14,NULL,6,NULL,NULL,1,4,66.67,USD,25.50
Day of 2026-02-24,2026-02-24,2026-02-24,138,127,10,7.25,106.65,11,7.97,6,4.35,4.35,4.71,6.36,26.44,95.23,4.77,163,NULL,4,NULL,NULL,2,1,25.00,USD,26.44
Day of 2026-02-23,2026-02-23,2026-02-23,188,184,8,4.26,90.81,4,2.13,0,0.00,0.00,3.69,5.51,27.95,99.3,0.7,24,NULL,9,NULL,NULL,3,4,44.44,USD,27.95
Day of 2026-02-22,2026-02-22,2026-02-22,254,245,15,5.91,106.60,9,3.54,2,0.79,0.39,3.92,5.21,27.46,98.83,1.17,47,NULL,10,NULL,NULL,5,4,40.00,USD,27.46
Day of 2026-02-21,2026-02-21,2026-02-21,228,218,15,6.58,119.57,10,4.39,5,2.19,0.88,5.27,6.93,24.10,95.74,4.26,171,NULL,9,NULL,NULL,3,1,11.11,USD,24.10
Day of 2026-02-20,2026-02-20,2026-02-20,226,220,17,7.52,73.00,6,2.65,3,1.33,0.44,4.04,5.35,24.60,99.63,0.37,15,NULL,16,NULL,NULL,2,5,31.25,USD,24.60
Day of 2026-02-19,2026-02-19,2026-02-19,136,134,5,3.68,39.55,2,1.47,2,1.47,0.74,4.03,5.05,20.10,100.0,0.0,0,NULL,5,NULL,NULL,2,3,60.00,USD,20.10
Day of 2026-02-18,2026-02-18,2026-02-18,112,111,9,8.04,50.54,1,0.89,1,0.89,0.89,3.38,4.26,20.89,100.0,0.0,0,NULL,8,NULL,NULL,2,3,37.50,USD,20.89
Day of 2026-02-17,2026-02-17,2026-02-17,100,99,6,6.00,24.51,1,1.00,0,0.00,0.00,3.61,4.68,18.32,100.0,0.0,0,NULL,4,NULL,NULL,0,0,0.00,USD,18.32
Day of 2026-02-16,2026-02-16,2026-02-16,122,121,6,4.92,30.28,1,0.82,0,0.00,0.00,3.90,4.98,19.33,99.12,0.88,30,NULL,5,NULL,NULL,2,2,40.00,USD,19.33
Day of 2026-02-15,2026-02-15,2026-02-15,178,174,14,7.87,94.79,4,2.25,1,0.56,0.00,3.96,5.12,25.87,99.75,0.25,10,NULL,9,NULL,NULL,4,1,11.11,USD,25.87
Day of 2026-02-14,2026-02-14,2026-02-14,203,194,14,6.90,82.98,9,4.43,4,1.97,0.00,4.79,6.22,26.05,97.66,2.34,66,NULL,10,NULL,NULL,3,2,20.00,USD,26.05
Day of 2026-02-13,2026-02-13,2026-02-13,175,166,13,7.43,90.98,9,5.14,6,3.43,0.57,4.75,6.19,23.38,99.02,0.98,37,NULL,8,NULL,NULL,1,2,25.00,USD,23.38
Day of 2026-02-12,2026-02-12,2026-02-12,155,154,11,7.10,57.24,1,0.65,0,0.00,0.00,4.42,5.81,22.46,100.0,0.0,0,NULL,4,NULL,NULL,0,2,50.00,USD,22.46
Day of 2026-02-11,2026-02-11,2026-02-11,151,150,6,3.97,52.11,1,0.66,1,0.66,0.66,3.78,5.01,21.38,100.0,0.0,0,NULL,9,NULL,NULL,3,2,22.22,USD,21.38
Day of 2026-02-10,2026-02-10,2026-02-10,121,121,13,10.74,94.69,0,0.00,0,0.00,0.00,4.16,5.10,21.47,100.0,0.0,0,NULL,6,NULL,NULL,3,0,0.00,USD,21.47
Day of 2026-02-09,2026-02-09,2026-02-09,104,104,13,12.50,79.19,0,0.00,0,0.00,0.00,3.73,4.66,21.44,100.0,0.0,0,NULL,8,NULL,NULL,4,3,37.50,USD,21.44
Day of 2026-02-08,2026-02-08,2026-02-08,190,179,12,6.32,62.81,11,5.79,6,3.16,0.53,4.01,4.96,23.82,98.22,1.78,49,NULL,10,NULL,NULL,4,3,30.00,USD,23.82
Day of 2026-02-07,2026-02-07,2026-02-07,195,186,20,10.26,136.45,9,4.62,4,2.05,0.00,4.16,5.36,30.28,97.74,2.26,86,NULL,16,NULL,NULL,5,3,18.75,USD,30.28
Day of 2026-02-06,2026-02-06,2026-02-06,193,189,11,5.70,80.95,4,2.07,1,0.52,0.00,3.32,4.48,27.08,100.0,0.0,0,NULL,12,NULL,NULL,3,5,41.67,USD,27.08
Day of 2026-02-05,2026-02-05,2026-02-05,161,157,19,11.80,108.64,4,2.48,1,0.62,0.00,3.78,5.18,23.39,99.12,0.88,30,NULL,9,NULL,NULL,2,5,55.56,USD,23.39
Day of 2026-02-04,2026-02-04,2026-02-04,148,144,10,6.76,47.71,4,2.70,0,0.00,2.03,4.77,6.42,23.72,97.98,2.02,69,NULL,11,NULL,NULL,3,3,27.27,USD,23.72
Day of 2026-02-03,2026-02-03,2026-02-03,131,131,7,5.34,42.40,0,0.00,0,0.00,0.00,3.83,5.20,22.34,100.0,0.0,0,NULL,9,NULL,NULL,1,3,33.33,USD,22.34
Day of 2026-02-02,2026-02-02,2026-02-02,148,147,5,3.38,20.20,1,0.68,0,0.00,0.00,3.71,4.82,21.49,99.12,0.88,30,NULL,12,NULL,NULL,4,3,25.00,USD,21.49
Day of 2026-02-01,2026-02-01,2026-02-01,220,202,21,9.55,142.73,18,8.18,8,3.64,0.00,3.14,4.52,27.05,97.44,2.56,95,NULL,11,NULL,NULL,4,2,18.18,USD,27.05
Day of 2026-01-31,2026-01-31,2026-01-31,227,205,15,6.61,123.44,22,9.69,15,6.61,0.00,3.37,5.23,32.95,96.44,3.56,143,NULL,20,NULL,NULL,8,9,45.00,USD,32.95
Day of 2026-01-30,2026-01-30,2026-01-30,247,239,21,8.50,173.05,8,3.24,3,1.21,0.00,4.30,5.91,28.29,100.0,0.0,0,NULL,15,NULL,NULL,5,6,40.00,USD,28.29
Day of 2026-01-29,2026-01-29,2026-01-29,152,151,10,6.58,72.95,1,0.66,0,0.00,0.00,4.10,5.73,29.53,100.0,0.0,0,NULL,11,NULL,NULL,3,3,27.27,USD,29.53
Day of 2026-01-28,2026-01-28,2026-01-28,159,159,9,5.66,63.45,0,0.00,0,0.00,0.00,3.06,4.43,27.13,100.0,0.0,0,NULL,8,NULL,NULL,0,3,37.50,USD,27.13
Day of 2026-01-27,2026-01-27,2026-01-27,150,150,13,8.67,94.32,0,0.00,0,0.00,0.00,3.18,4.77,29.10,100.0,0.0,0,NULL,11,NULL,NULL,3,3,27.27,USD,29.10
Day of 2026-01-26,2026-01-26,2026-01-26,142,139,12,8.45,122.85,3,2.11,1,0.70,0.00,3.60,5.45,29.75,99.12,0.88,30,NULL,9,NULL,NULL,2,3,33.33,USD,29.75
Day of 2026-01-25,2026-01-25,2026-01-25,213,193,15,7.04,114.99,20,9.39,7,3.29,0.94,5.58,6.90,31.83,99.08,0.92,32,NULL,11,NULL,NULL,4,2,18.18,USD,31.83
Day of 2026-01-24,2026-01-24,2026-01-24,205,192,8,3.90,34.86,13,6.34,6,2.93,0.00,2.70,4.18,29.78,100.0,0.0,0,NULL,13,NULL,NULL,1,3,23.08,USD,29.78
Day of 2026-01-23,2026-01-23,2026-01-23,227,212,20,8.81,112.89,15,6.61,7,3.08,0.00,3.29,4.68,25.94,98.13,1.87,75,NULL,8,NULL,NULL,2,3,37.50,USD,25.94
Day of 2026-01-22,2026-01-22,2026-01-22,137,137,13,9.49,89.58,0,0.00,0,0.00,0.73,3.80,4.99,24.08,100.0,0.0,0,NULL,9,NULL,NULL,3,4,44.44,USD,24.08
Day of 2026-01-21,2026-01-21,2026-01-21,121,121,10,8.26,103.12,0,0.00,0,0.00,0.00,3.76,5.15,23.15,100.0,0.0,0,NULL,6,NULL,NULL,2,1,16.67,USD,23.15
Day of 2026-01-20,2026-01-20,2026-01-20,138,138,9,6.52,66.31,0,0.00,0,0.00,0.00,3.40,4.96,23.63,100.0,0.0,0,NULL,8,NULL,NULL,2,3,37.50,USD,23.63
Day of 2026-01-19,2026-01-19,2026-01-19,122,117,7,5.74,44.42,5,4.10,0,0.00,0.00,3.68,5.13,25.81,100.0,0.0,0,NULL,2,NULL,NULL,2,0,0.00,USD,25.81
Day of 2026-01-18,2026-01-18,2026-01-18,220,217,15,6.82,88.20,3,1.36,2,0.91,0.00,3.95,5.44,26.81,99.35,0.65,26,NULL,9,NULL,NULL,3,3,33.33,USD,26.81
Day of 2026-01-17,2026-01-17,2026-01-17,211,204,14,6.64,164.35,7,3.32,4,1.90,0.00,5.06,6.63,27.27,98.46,1.54,62,NULL,6,NULL,NULL,0,1,16.67,USD,27.27
Day of 2026-01-16,2026-01-16,2026-01-16,185,177,13,7.03,99.44,8,4.32,6,3.24,0.54,5.16,6.88,29.17,83.97,16.03,644,NULL,11,NULL,NULL,4,2,18.18,USD,29.17
Day of 2026-01-15,2026-01-15,2026-01-15,172,162,15,8.72,118.06,10,5.81,2,1.16,0.00,4.26,5.77,30.91,100.0,0.0,0,NULL,12,NULL,NULL,3,4,33.33,USD,30.91
Day of 2026-01-14,2026-01-14,2026-01-14,116,112,6,5.17,62.51,4,3.45,0,0.00,0.00,3.92,5.59,32.80,100.0,0.0,0,NULL,6,NULL,NULL,2,1,16.67,USD,32.80
Day of 2026-01-13,2026-01-13,2026-01-13,125,124,4,3.20,23.30,1,0.80,0,0.00,0.00,4.71,6.16,21.16,100.0,0.0,0,NULL,6,NULL,NULL,3,2,33.33,USD,21.16
Day of 2026-01-12,2026-01-12,2026-01-12,110,109,8,7.27,39.76,1,0.91,0,0.00,0.00,4.06,5.13,21.77,100.0,0.0,0,NULL,5,NULL,NULL,1,2,40.00,USD,21.77
Day of 2026-01-11,2026-01-11,2026-01-11,189,187,7,3.70,63.83,2,1.06,0,0.00,0.00,3.87,5.15,22.67,99.77,0.23,8,NULL,11,NULL,NULL,4,2,18.18,USD,22.67
Day of 2026-01-10,2026-01-10,2026-01-10,174,172,14,8.05,94.52,2,1.15,2,1.15,1.15,4.76,5.68,22.57,95.89,4.11,165,NULL,11,NULL,NULL,2,6,54.55,USD,22.57
Day of 2026-01-09,2026-01-09,2026-01-09,167,160,12,7.19,71.66,7,4.19,4,2.40,0.60,3.53,4.49,20.33,99.0,1.0,40,NULL,8,NULL,NULL,4,2,25.00,USD,20.33
Day of 2026-01-08,2026-01-08,2026-01-08,132,132,6,4.55,30.99,0,0.00,0,0.00,0.00,3.57,4.50,19.48,100.0,0.0,0,NULL,6,NULL,NULL,1,5,83.33,USD,19.48
Day of 2026-01-07,2026-01-07,2026-01-07,152,146,9,5.92,113.09,6,3.95,4,2.63,1.32,3.91,5.37,20.79,99.36,0.64,22,NULL,7,NULL,NULL,1,1,14.29,USD,20.79
Day of 2026-01-06,2026-01-06,2026-01-06,121,118,9,7.44,77.49,3,2.48,0,0.00,0.00,3.54,4.56,21.02,100.0,0.0,0,NULL,10,NULL,NULL,6,0,0.00,USD,21.02
Day of 2026-01-05,2026-01-05,2026-01-05,138,136,8,5.80,61.71,2,1.45,0,0.00,0.00,3.23,4.13,18.97,100.0,0.0,0,NULL,10,NULL,NULL,2,4,40.00,USD,18.97
Day of 2026-01-04,2026-01-04,2026-01-04,178,168,18,10.11,106.27,10,5.62,9,5.06,0.00,3.85,4.93,22.06,98.63,1.37,55,NULL,11,NULL,NULL,1,7,63.64,USD,22.06
Day of 2026-01-03,2026-01-03,2026-01-03,216,193,18,8.33,127.05,23,10.65,13,6.02,0.00,4.75,5.95,25.75,96.47,3.53,142,NULL,13,NULL,NULL,3,5,38.46,USD,25.75
Day of 2026-01-02,2026-01-02,2026-01-02,189,183,5,2.65,54.44,6,3.17,4,2.12,0.53,3.66,5.08,29.69,95.77,4.23,170,NULL,12,NULL,NULL,1,5,41.67,USD,29.69
Day of 2026-01-01,2026-01-01,2026-01-01,166,162,15,9.04,117.04,4,2.41,0,0.00,0.00,3.73,5.04,26.61,99.05,0.95,30,NULL,11,NULL,NULL,5,4,36.36,USD,26.61
Day of 2025-12-31,2025-12-31,2025-12-31,138,135,7,5.07,59.65,3,2.17,0,0.00,0.72,3.88,5.23,23.39,100.0,0.0,0,NULL,11,NULL,NULL,2,6,54.55,USD,23.39
Day of 2025-12-30,2025-12-30,2025-12-30,165,162,14,8.48,142.48,3,1.82,1,0.61,0.00,3.99,5.10,21.28,100.0,0.0,0,NULL,12,NULL,NULL,3,5,41.67,USD,21.28
Day of 2025-12-29,2025-12-29,2025-12-29,147,145,9,6.12,52.47,2,1.36,0,0.00,0.00,2.99,4.27,27.24,100.0,0.0,0,NULL,14,NULL,NULL,3,3,21.43,USD,27.24
Day of 2025-12-28,2025-12-28,2025-12-28,165,159,11,6.67,94.95,6,3.64,4,2.42,0.00,4.59,5.58,20.30,96.57,3.43,140,NULL,15,NULL,NULL,5,5,33.33,USD,20.30
Day of 2025-12-27,2025-12-27,2025-12-27,174,170,10,5.75,72.55,4,2.30,2,1.15,0.00,3.84,4.75,21.21,99.02,0.98,40,NULL,8,NULL,NULL,1,5,62.50,USD,21.21
Day of 2025-12-26,2025-12-26,2025-12-26,189,169,10,5.29,60.92,20,10.58,17,8.99,0.53,3.80,4.82,22.54,97.57,2.43,99,NULL,13,NULL,NULL,5,2,15.38,USD,22.54
Day of 2025-12-24,2025-12-24,2025-12-24,137,135,14,10.22,92.75,2,1.46,0,0.00,0.00,6.45,7.50,28.14,98.89,1.11,30,NULL,4,NULL,NULL,1,3,75.00,USD,28.14
Day of 2025-12-23,2025-12-23,2025-12-23,131,130,4,3.05,27.06,1,0.76,0,0.00,0.00,3.45,4.60,20.87,100.0,0.0,0,NULL,4,NULL,NULL,0,2,50.00,USD,20.87
Day of 2025-12-22,2025-12-22,2025-12-22,112,110,9,8.04,48.18,2,1.79,0,0.00,0.00,3.36,4.14,21.13,99.12,0.88,30,NULL,3,NULL,NULL,1,1,33.33,USD,21.13
Day of 2025-12-21,2025-12-21,2025-12-21,176,174,15,8.52,96.60,2,1.14,0,0.00,0.57,3.46,4.47,19.35,100.0,0.0,0,NULL,10,NULL,NULL,1,4,40.00,USD,19.35
Day of 2025-12-20,2025-12-20,2025-12-20,183,179,10,5.46,97.79,4,2.19,4,2.19,1.09,3.63,4.84,21.47,96.98,3.02,123,NULL,16,NULL,NULL,4,4,25.00,USD,21.47
Day of 2025-12-19,2025-12-19,2025-12-19,187,179,15,8.02,111.01,8,4.28,6,3.21,0.00,5.34,6.29,27.47,95.12,4.88,199,NULL,12,NULL,NULL,1,5,41.67,USD,27.47
Day of 2025-12-18,2025-12-18,2025-12-18,135,134,13,9.63,113.75,1,0.74,1,0.74,1.48,4.37,5.55,22.13,98.98,1.02,35,NULL,10,NULL,NULL,2,4,40.00,USD,22.13
Day of 2025-12-17,2025-12-17,2025-12-17,137,134,17,12.41,102.83,3,2.19,0,0.00,26.28,4.92,5.97,23.51,98.92,1.08,37,NULL,6,NULL,NULL,1,4,66.67,USD,23.51
Day of 2025-12-16,2025-12-16,2025-12-16,124,123,10,8.06,40.64,1,0.81,0,0.00,46.77,4.99,6.31,24.77,97.34,2.66,91,NULL,5,NULL,NULL,2,2,40.00,USD,24.77
Day of 2025-12-15,2025-12-15,2025-12-15,155,142,17,10.97,130.77,13,8.39,8,5.16,31.61,3.43,4.99,23.10,98.92,1.08,37,NULL,7,NULL,NULL,1,1,14.29,USD,23.10
Day of 2025-12-14,2025-12-14,2025-12-14,209,205,9,4.31,58.17,4,1.91,0,0.00,0.96,3.41,4.64,30.99,99.26,0.74,30,NULL,6,NULL,NULL,0,3,50.00,USD,30.99
Day of 2025-12-13,2025-12-13,2025-12-13,174,167,14,8.05,92.75,7,4.02,4,2.30,1.72,4.46,5.50,22.29,99.31,0.69,28,NULL,14,NULL,NULL,5,2,14.29,USD,22.29
Day of 2025-12-12,2025-12-12,2025-12-12,193,189,10,5.18,91.68,4,2.07,1,0.52,0.52,3.17,4.37,21.98,96.37,3.63,148,NULL,15,NULL,NULL,3,7,46.67,USD,21.98
Day of 2025-12-11,2025-12-11,2025-12-11,137,135,7,5.11,44.32,2,1.46,1,0.73,0.00,3.52,5.14,25.95,100.0,0.0,0,NULL,5,NULL,NULL,0,2,40.00,USD,25.95
Day of 2025-12-10,2025-12-10,2025-12-10,137,137,9,6.57,68.95,0,0.00,0,0.00,0.00,3.32,4.52,26.60,100.0,0.0,0,NULL,7,NULL,NULL,0,4,57.14,USD,26.60
Day of 2025-12-09,2025-12-09,2025-12-09,118,118,2,1.69,9.84,0,0.00,0,0.00,0.85,3.03,3.80,21.99,100.0,0.0,0,NULL,11,NULL,NULL,2,4,36.36,USD,21.99
Day of 2025-12-08,2025-12-08,2025-12-08,127,126,9,7.09,28.21,1,0.79,1,0.79,0.00,3.96,4.95,22.85,100.0,0.0,0,NULL,7,NULL,NULL,2,2,28.57,USD,22.85
Day of 2025-12-07,2025-12-07,2025-12-07,228,224,13,5.70,106.84,4,1.75,2,0.88,0.00,4.95,6.19,28.14,99.34,0.66,27,NULL,12,NULL,NULL,2,3,25.00,USD,28.14
Day of 2025-12-06,2025-12-06,2025-12-06,231,214,35,15.15,226.74,17,7.36,8,3.46,4.33,7.21,8.56,30.43,92.08,7.92,323,NULL,14,NULL,NULL,4,3,21.43,USD,30.43
Day of 2025-12-05,2025-12-05,2025-12-05,208,201,13,6.25,109.21,7,3.37,2,0.96,0.00,5.47,6.90,25.77,96.44,3.56,145,NULL,15,NULL,NULL,6,1,6.67,USD,25.77
Day of 2025-12-04,2025-12-04,2025-12-04,186,179,19,10.22,143.86,7,3.76,1,0.54,0.00,6.03,7.45,27.49,96.66,3.34,114,NULL,11,NULL,NULL,4,2,18.18,USD,27.49
Day of 2025-12-03,2025-12-03,2025-12-03,185,178,14,7.57,88.35,7,3.78,1,0.54,0.00,5.12,6.60,27.06,97.66,2.34,80,NULL,11,NULL,NULL,2,0,0.00,USD,27.06
Day of 2025-12-02,2025-12-02,2025-12-02,157,156,13,8.28,87.76,1,0.64,0,0.00,0.00,5.43,6.93,29.14,98.24,1.76,60,NULL,6,NULL,NULL,0,4,66.67,USD,29.14
Day of 2025-12-01,2025-12-01,2025-12-01,124,119,6,4.84,37.29,5,4.03,2,1.61,2.42,4.05,5.50,29.22,98.98,1.02,35,NULL,8,NULL,NULL,2,2,25.00,USD,29.22
Day of 2025-11-30,2025-11-30,2025-11-30,149,147,14,9.40,87.73,2,1.34,1,0.67,0.00,3.53,5.11,29.33,99.53,0.47,19,NULL,14,NULL,NULL,4,2,14.29,USD,29.33
Day of 2025-11-29,2025-11-29,2025-11-29,139,130,7,5.04,50.09,9,6.47,3,2.16,1.44,4.15,5.23,32.05,97.62,2.38,97,NULL,6,NULL,NULL,1,1,16.67,USD,32.05
Day of 2025-11-28,2025-11-28,2025-11-28,133,131,4,3.01,39.09,2,1.50,1,0.75,1.50,4.12,5.48,22.12,99.8,0.2,8,NULL,8,NULL,NULL,1,1,12.50,USD,22.12
Day of 2025-11-27,2025-11-27,2025-11-27,166,165,7,4.22,53.80,1,0.60,0,0.00,0.00,3.54,4.50,25.70,100.0,0.0,0,NULL,6,NULL,NULL,1,1,16.67,USD,25.70
Day of 2025-11-26,2025-11-26,2025-11-26,129,124,6,4.65,20.57,5,3.88,0,0.00,0.00,3.65,4.74,21.84,100.0,0.0,0,NULL,6,NULL,NULL,1,2,33.33,USD,21.84
Day of 2025-11-25,2025-11-25,2025-11-25,104,102,4,3.85,42.38,2,1.92,0,0.00,0.00,4.26,5.58,22.18,99.12,0.88,30,NULL,4,NULL,NULL,0,3,75.00,USD,22.18
Day of 2025-11-24,2025-11-24,2025-11-24,101,101,4,3.96,40.86,0,0.00,0,0.00,0.00,3.60,4.56,22.75,100.0,0.0,0,NULL,3,NULL,NULL,0,1,33.33,USD,22.75
Day of 2025-11-23,2025-11-23,2025-11-23,206,200,8,3.88,37.29,6,2.91,2,0.97,0.00,4.95,6.12,27.84,96.15,3.85,157,NULL,7,NULL,NULL,3,2,28.57,USD,27.84
Day of 2025-11-22,2025-11-22,2025-11-22,185,180,7,3.78,71.42,5,2.70,2,1.08,1.08,5.49,6.97,24.56,96.91,3.09,87,NULL,7,NULL,NULL,2,0,0.00,USD,24.56
Day of 2025-11-21,2025-11-21,2025-11-21,191,185,12,6.28,73.09,6,3.14,2,1.05,1.05,7.59,9.18,31.63,80.82,19.18,736,NULL,14,NULL,NULL,6,3,21.43,USD,31.63
Day of 2025-11-20,2025-11-20,2025-11-20,136,135,12,8.82,31.03,1,0.74,0,0.00,0.00,3.98,5.37,22.05,100.0,0.0,0,NULL,6,NULL,NULL,2,1,16.67,USD,22.05
Day of 2025-11-19,2025-11-19,2025-11-19,135,132,13,9.63,105.04,3,2.22,2,1.48,0.00,6.19,7.69,24.21,99.74,0.26,9,NULL,7,NULL,NULL,4,1,14.29,USD,24.21
Day of 2025-11-18,2025-11-18,2025-11-18,122,121,9,7.38,118.58,1,0.82,1,0.82,0.00,5.96,6.83,24.37,99.36,0.64,22,NULL,8,NULL,NULL,2,4,50.00,USD,24.37
Day of 2025-11-17,2025-11-17,2025-11-17,109,108,9,8.26,37.88,1,0.92,0,0.00,0.92,3.57,4.68,20.69,100.0,0.0,0,NULL,5,NULL,NULL,0,1,20.00,USD,20.69
Day of 2025-11-16,2025-11-16,2025-11-16,174,168,27,15.52,146.83,6,3.45,3,1.72,0.57,4.52,5.58,22.45,100.0,0.0,0,NULL,22,5,8,1,2,9.09,USD,22.45
Day of 2025-11-15,2025-11-15,2025-11-15,201,191,15,7.46,76.49,10,4.98,2,1.00,0.00,3.70,4.94,25.67,99.73,0.27,11,NULL,17,NULL,10,0,0,0.00,USD,25.67
Day of 2025-11-14,2025-11-14,2025-11-14,210,195,18,8.57,131.40,15,7.14,5,2.38,0.00,4.98,6.57,25.05,98.97,1.03,42,NULL,12,2,8,1,0,0.00,USD,25.05
Day of 2025-11-13,2025-11-13,2025-11-13,128,125,7,5.47,64.19,3,2.34,1,0.78,0.00,4.17,5.16,21.55,100.0,0.0,0,NULL,8,NULL,5,0,0,0.00,USD,21.55
Day of 2025-11-12,2025-11-12,2025-11-12,122,120,7,5.74,54.43,2,1.64,0,0.00,0.00,3.12,4.25,19.88,100.0,0.0,0,NULL,9,2,6,0,0,0.00,USD,19.88
Day of 2025-11-11,2025-11-11,2025-11-11,113,110,8,7.08,43.80,3,2.65,0,0.00,0.00,3.54,4.66,22.41,100.0,0.0,0,NULL,4,NULL,3,0,0,0.00,USD,22.41
Day of 2025-11-10,2025-11-10,2025-11-10,153,148,20,13.07,138.55,5,3.27,3,1.96,0.65,4.00,5.77,29.11,100.0,0.0,0,NULL,5,2,3,0,0,0.00,USD,29.11
Day of 2025-11-09,2025-11-09,2025-11-09,213,199,11,5.16,91.00,14,6.57,6,2.82,0.94,4.60,5.95,31.10,98.7,1.3,53,NULL,8,NULL,6,0,0,0.00,USD,31.10
Day of 2025-11-08,2025-11-08,2025-11-08,198,192,10,5.05,29.08,6,3.03,3,1.52,0.00,4.88,6.22,25.63,100.0,0.0,0,NULL,11,1,8,0,1,9.09,USD,25.63
Day of 2025-11-07,2025-11-07,2025-11-07,202,194,15,7.43,130.59,8,3.96,5,2.48,0.50,5.01,6.09,25.02,98.1,1.9,73,NULL,10,4,4,0,0,0.00,USD,25.02
Day of 2025-11-06,2025-11-06,2025-11-06,123,123,7,5.69,41.23,0,0.00,0,0.00,0.00,4.30,5.33,23.53,100.0,0.0,0,NULL,12,1,7,0,0,0.00,USD,23.53
Day of 2025-11-05,2025-11-05,2025-11-05,124,121,12,9.68,80.09,3,2.42,1,0.81,0.81,5.14,6.25,25.43,99.13,0.87,30,NULL,13,1,7,0,0,0.00,USD,25.43
Day of 2025-11-04,2025-11-04,2025-11-04,128,123,10,7.81,68.53,5,3.91,0,0.00,0.00,4.22,5.84,22.54,100.0,0.0,0,NULL,9,NULL,8,0,0,0.00,USD,22.54
Day of 2025-11-03,2025-11-03,2025-11-03,120,114,7,5.83,61.52,6,5.00,3,2.50,0.00,5.44,6.17,23.54,99.12,0.88,30,NULL,8,NULL,7,0,0,0.00,USD,23.54
Day of 2025-11-02,2025-11-02,2025-11-02,235,225,11,4.68,46.50,10,4.26,3,1.28,0.00,5.54,6.67,26.47,98.53,1.47,60,NULL,13,1,8,0,0,0.00,USD,26.47
Day of 2025-11-01,2025-11-01,2025-11-01,211,197,17,8.06,89.46,14,6.64,3,1.42,2.84,5.31,8.24,34.59,95.74,4.26,120,NULL,13,2,8,0,0,0.00,USD,34.59
Day of 2025-10-31,2025-10-31,2025-10-31,191,178,15,7.85,131.14,13,6.81,7,3.66,0.52,6.76,8.66,31.18,97.11,2.89,111,NULL,9,1,5,0,0,0.00,USD,31.18
Day of 2025-10-30,2025-10-30,2025-10-30,145,143,9,6.21,66.14,2,1.38,0,0.00,0.00,5.09,6.50,22.44,100.0,0.0,0,NULL,14,3,7,0,0,0.00,USD,22.44
Day of 2025-10-29,2025-10-29,2025-10-29,122,118,13,10.66,93.95,4,3.28,3,2.46,2.46,5.73,6.79,24.22,98.27,1.73,60,NULL,12,3,4,0,0,0.00,USD,24.22
Day of 2025-10-28,2025-10-28,2025-10-28,133,128,12,9.02,86.56,5,3.76,2,1.50,0.00,4.95,6.44,24.05,98.24,1.76,60,NULL,12,NULL,6,0,0,0.00,USD,24.05
Day of 2025-10-27,2025-10-27,2025-10-27,127,122,14,11.02,102.32,5,3.94,0,0.00,0.00,4.30,5.40,22.61,100.0,0.0,0,NULL,9,2,5,0,0,0.00,USD,22.61
Day of 2025-10-26,2025-10-26,2025-10-26,197,186,22,11.17,159.03,11,5.58,6,3.05,0.51,4.25,5.73,24.18,99.01,0.99,28,NULL,18,1,14,1,0,0.00,USD,24.18
Day of 2025-10-25,2025-10-25,2025-10-25,195,193,14,7.18,76.87,2,1.03,1,0.51,0.00,5.81,7.04,24.74,99.71,0.29,11,NULL,15,1,9,0,0,0.00,USD,24.74
Day of 2025-10-24,2025-10-24,2025-10-24,170,162,14,8.24,62.68,8,4.71,4,2.35,0.59,5.82,6.84,25.60,99.63,0.37,15,NULL,12,2,5,0,0,0.00,USD,25.60
Day of 2025-10-23,2025-10-23,2025-10-23,144,144,11,7.64,70.43,0,0.00,0,0.00,0.00,4.48,5.75,21.34,100.0,0.0,0,NULL,9,1,7,0,0,0.00,USD,21.34
Day of 2025-10-22,2025-10-22,2025-10-22,132,130,12,9.09,116.40,2,1.52,1,0.76,0.00,4.13,5.28,23.06,99.68,0.32,11,NULL,6,NULL,6,0,0,0.00,USD,23.06
Day of 2025-10-21,2025-10-21,2025-10-21,124,124,13,10.48,90.14,0,0.00,0,0.00,0.00,4.33,5.27,22.09,99.62,0.38,13,NULL,7,NULL,5,0,0,0.00,USD,22.09
Day of 2025-10-20,2025-10-20,2025-10-20,93,91,8,8.60,61.98,2,2.15,0,0.00,0.00,4.36,5.63,23.15,100.0,0.0,0,NULL,8,2,3,0,0,0.00,USD,23.15
Day of 2025-10-19,2025-10-19,2025-10-19,201,186,18,8.96,139.02,15,7.46,6,2.99,0.50,5.25,7.30,29.93,93.81,6.19,255,NULL,16,3,7,0,0,0.00,USD,29.93
Day of 2025-10-18,2025-10-18,2025-10-18,178,164,14,7.87,90.99,14,7.87,8,4.49,3.93,6.28,7.65,26.76,97.18,2.82,115,NULL,14,1,11,0,0,0.00,USD,26.76
Day of 2025-10-17,2025-10-17,2025-10-17,172,161,14,8.14,108.43,11,6.40,8,4.65,1.74,6.20,7.72,26.51,98.09,1.91,78,NULL,11,4,5,0,0,0.00,USD,26.51
Day of 2025-10-16,2025-10-16,2025-10-16,121,117,11,9.09,69.63,4,3.31,1,0.83,0.00,5.23,6.65,24.99,99.68,0.32,11,NULL,8,2,4,0,0,0.00,USD,24.99
Day of 2025-10-15,2025-10-15,2025-10-15,120,120,9,7.50,64.38,0,0.00,0,0.00,0.00,5.43,6.72,23.37,100.0,0.0,0,NULL,6,NULL,6,0,0,0.00,USD,23.37
Day of 2025-10-14,2025-10-14,2025-10-14,112,110,10,8.93,57.55,2,1.79,0,0.00,0.00,4.14,5.35,21.66,100.0,0.0,0,NULL,5,NULL,4,0,0,0.00,USD,21.66
Day of 2025-10-13,2025-10-13,2025-10-13,112,107,8,7.14,49.04,5,4.46,0,0.00,0.00,4.55,5.31,22.82,100.0,0.0,0,NULL,6,2,3,0,0,0.00,USD,22.82
Day of 2025-10-12,2025-10-12,2025-10-12,179,173,11,6.15,90.30,6,3.35,1,0.56,0.00,5.10,6.17,23.25,99.75,0.25,10,NULL,10,3,5,0,0,0.00,USD,23.25
Day of 2025-10-11,2025-10-11,2025-10-11,177,171,10,5.65,57.53,6,3.39,3,1.69,0.00,5.49,7.57,25.31,98.26,1.74,71,NULL,18,4,12,0,0,0.00,USD,25.31
Day of 2025-10-10,2025-10-10,2025-10-10,170,154,11,6.47,53.65,16,9.41,13,7.65,0.00,5.55,6.75,25.41,98.36,1.64,67,NULL,13,2,10,0,0,0.00,USD,25.41
Day of 2025-10-09,2025-10-09,2025-10-09,110,109,5,4.55,28.09,1,0.91,0,0.00,0.00,5.68,6.71,22.26,99.77,0.23,8,NULL,8,1,6,0,0,0.00,USD,22.26
Day of 2025-10-08,2025-10-08,2025-10-08,101,101,9,8.91,65.90,0,0.00,0,0.00,0.00,3.84,5.30,21.49,100.0,0.0,0,NULL,14,3,8,0,0,0.00,USD,21.49
Day of 2025-10-07,2025-10-07,2025-10-07,102,101,9,8.82,56.65,1,0.98,1,0.98,0.00,3.26,4.07,23.67,100.0,0.0,0,NULL,9,1,5,0,0,0.00,USD,23.67
Day of 2025-10-06,2025-10-06,2025-10-06,102,98,7,6.86,50.32,4,3.92,3,2.94,0.98,4.26,5.27,22.68,100.0,0.0,0,NULL,9,2,6,0,0,0.00,USD,22.68
Day of 2025-10-05,2025-10-05,2025-10-05,177,170,14,7.91,89.55,7,3.95,4,2.26,0.00,4.87,5.78,24.44,99.69,0.31,11,NULL,17,3,10,0,0,0.00,USD,24.44
Day of 2025-10-04,2025-10-04,2025-10-04,156,152,13,8.33,60.86,4,2.56,0,0.00,0.00,9.30,12.67,34.29,99.36,0.64,18,NULL,11,5,5,0,0,0.00,USD,34.29
Day of 2025-10-03,2025-10-03,2025-10-03,169,152,13,7.69,88.67,17,10.06,11,6.51,1.78,5.44,7.06,27.09,98.88,1.12,43,NULL,13,NULL,10,0,0,0.00,USD,27.09
Day of 2025-10-02,2025-10-02,2025-10-02,103,101,5,4.85,39.32,2,1.94,0,0.00,0.00,4.10,5.18,21.88,100.0,0.0,0,NULL,6,NULL,3,0,0,0.00,USD,21.88
Day of 2025-10-01,2025-10-01,2025-10-01,89,89,8,8.99,47.59,0,0.00,0,0.00,0.00,4.76,5.84,21.69,99.68,0.32,11,NULL,13,1,10,0,0,0.00,USD,21.69
Day of 2025-09-30,2025-09-30,2025-09-30,87,86,7,8.05,43.65,1,1.15,1,1.15,0.00,4.40,6.17,23.75,100.0,0.0,0,NULL,9,1,7,0,0,0.00,USD,23.75
Day of 2025-09-29,2025-09-29,2025-09-29,71,70,10,14.08,63.46,1,1.41,1,1.41,0.00,5.66,6.83,24.54,99.97,0.03,1,NULL,10,2,7,0,0,0.00,USD,24.54
Day of 2025-09-28,2025-09-28,2025-09-28,157,150,11,7.01,84.25,7,4.46,5,3.18,0.64,5.76,6.92,23.82,98.72,1.28,52,NULL,8,1,6,0,0,0.00,USD,23.82
Day of 2025-09-27,2025-09-27,2025-09-27,143,141,5,3.50,50.43,2,1.40,0,0.00,0.00,6.24,7.67,25.75,98.33,1.67,68,NULL,10,1,6,0,0,0.00,USD,25.75
Day of 2025-09-26,2025-09-26,2025-09-26,135,123,12,8.89,111.59,12,8.89,3,2.22,0.74,4.95,5.98,23.12,99.85,0.15,6,NULL,5,1,4,0,0,0.00,USD,23.12
Day of 2025-09-25,2025-09-25,2025-09-25,111,111,14,12.61,93.15,0,0.00,0,0.00,0.00,4.75,5.81,22.26,99.77,0.23,8,NULL,8,1,5,0,0,0.00,USD,22.26
Day of 2025-09-24,2025-09-24,2025-09-24,104,101,10,9.62,51.73,3,2.88,2,1.92,1.92,4.45,5.54,21.64,99.36,0.64,22,NULL,11,2,7,0,0,0.00,USD,21.64
Day of 2025-09-23,2025-09-23,2025-09-23,83,83,9,10.84,53.82,0,0.00,0,0.00,0.00,4.52,5.55,20.78,100.0,0.0,0,NULL,7,4,1,0,0,0.00,USD,20.78
Day of 2025-09-22,2025-09-22,2025-09-22,82,79,10,12.20,62.71,3,3.66,2,2.44,0.00,4.21,5.34,20.57,100.0,0.0,0,NULL,5,1,3,0,0,0.00,USD,20.57
Day of 2025-09-21,2025-09-21,2025-09-21,180,168,12,6.67,79.89,12,6.67,7,3.89,0.00,6.35,7.73,27.31,98.26,1.74,71,NULL,12,2,7,0,0,0.00,USD,27.31
Day of 2025-09-20,2025-09-20,2025-09-20,174,161,12,6.90,75.64,13,7.47,5,2.87,0.00,4.86,6.15,26.35,98.87,1.13,46,NULL,9,1,6,0,0,0.00,USD,26.35
Day of 2025-09-19,2025-09-19,2025-09-19,150,147,19,12.67,98.00,3,2.00,3,2.00,0.00,6.10,7.45,25.24,97.38,2.62,107,NULL,16,5,10,0,0,0.00,USD,25.24
Day of 2025-09-18,2025-09-18,2025-09-18,118,117,12,10.17,89.84,1,0.85,0,0.00,0.00,4.52,5.44,21.66,100.0,0.0,0,NULL,7,NULL,4,0,0,0.00,USD,21.66
Day of 2025-09-17,2025-09-17,2025-09-17,91,91,9,9.89,66.62,0,0.00,0,0.00,0.00,5.13,6.20,23.32,100.0,0.0,0,NULL,8,1,5,0,0,0.00,USD,23.32
Day of 2025-09-16,2025-09-16,2025-09-16,76,75,1,1.32,4.56,1,1.32,1,1.32,0.00,3.48,4.61,23.45,99.91,0.09,3,NULL,6,NULL,5,0,0,0.00,USD,23.45
Day of 2025-09-15,2025-09-15,2025-09-15,81,80,3,3.70,24.53,1,1.23,0,0.00,0.00,4.17,5.32,20.98,98.87,1.13,36,NULL,6,NULL,6,0,0,0.00,USD,20.98
Day of 2025-09-14,2025-09-14,2025-09-14,159,151,17,10.69,82.61,8,5.03,2,1.26,0.00,5.53,8.09,30.78,96.93,3.07,125,NULL,10,3,4,0,0,0.00,USD,30.78
Day of 2025-09-13,2025-09-13,2025-09-13,169,166,16,9.47,88.07,3,1.78,2,1.18,0.00,5.58,6.41,22.91,98.32,1.68,48,NULL,10,2,8,0,0,0.00,USD,22.91
Day of 2025-09-12,2025-09-12,2025-09-12,153,150,8,5.23,49.62,3,1.96,1,0.65,0.00,5.45,6.51,24.62,95.0,5.0,192,NULL,8,1,5,0,0,0.00,USD,24.62
Day of 2025-09-11,2025-09-11,2025-09-11,104,101,10,9.62,43.52,3,2.88,3,2.88,2.88,3.55,5.16,23.98,99.12,0.88,30,NULL,12,3,8,0,0,0.00,USD,23.98
Day of 2025-09-10,2025-09-10,2025-09-10,97,97,4,4.12,26.72,0,0.00,0,0.00,0.00,4.87,5.77,23.46,100.0,0.0,0,NULL,5,NULL,5,0,0,0.00,USD,23.46
Day of 2025-09-09,2025-09-09,2025-09-09,97,96,6,6.19,29.07,1,1.03,0,0.00,0.00,4.31,5.17,22.36,100.0,0.0,0,NULL,7,NULL,4,0,0,0.00,USD,22.36
Day of 2025-09-08,2025-09-08,2025-09-08,109,109,10,9.17,52.31,0,0.00,0,0.00,0.00,4.83,6.06,24.24,100.0,0.0,0,NULL,11,2,9,0,0,0.00,USD,24.24
Day of 2025-09-07,2025-09-07,2025-09-07,163,156,18,11.04,142.43,7,4.29,1,0.61,0.61,5.46,9.73,31.72,91.72,8.28,237,NULL,13,3,7,0,0,0.00,USD,31.72
Day of 2025-09-06,2025-09-06,2025-09-06,172,169,11,6.40,61.83,3,1.74,1,0.58,0.00,7.17,8.99,27.96,97.06,2.94,113,NULL,17,NULL,15,0,0,0.00,USD,27.96
Day of 2025-09-05,2025-09-05,2025-09-05,175,162,11,6.29,52.53,13,7.43,8,4.57,0.57,5.12,6.59,25.82,95.78,4.22,172,NULL,9,NULL,5,0,0,0.00,USD,25.82
Day of 2025-09-04,2025-09-04,2025-09-04,120,119,10,8.33,40.85,1,0.83,0,0.00,0.00,4.19,5.67,23.01,100.0,0.0,0,NULL,6,NULL,5,0,0,0.00,USD,23.01
Day of 2025-09-03,2025-09-03,2025-09-03,103,103,5,4.85,39.19,0,0.00,0,0.00,0.00,4.20,5.11,23.06,99.12,0.88,30,NULL,6,NULL,5,0,0,0.00,USD,23.06
Day of 2025-09-02,2025-09-02,2025-09-02,91,90,3,3.30,10.08,1,1.10,0,0.00,0.00,3.22,4.12,20.77,100.0,0.0,0,NULL,10,1,6,0,0,0.00,USD,20.77
Day of 2025-09-01,2025-09-01,2025-09-01,121,118,6,4.96,24.08,3,2.48,1,0.83,0.00,4.15,5.37,19.76,98.24,1.76,60,NULL,9,3,5,0,0,0.00,USD,19.76
Day of 2025-08-31,2025-08-31,2025-08-31,146,141,18,12.33,100.46,5,3.42,4,2.74,0.00,6.84,8.19,27.21,96.57,3.43,140,NULL,11,3,6,0,0,0.00,USD,27.21
Day of 2025-08-30,2025-08-30,2025-08-30,161,150,15,9.32,81.32,11,6.83,6,3.73,0.62,6.26,7.37,27.95,94.93,5.07,143,NULL,11,3,4,0,0,0.00,USD,27.95
Day of 2025-08-29,2025-08-29,2025-08-29,150,141,8,5.33,25.49,9,6.00,7,4.67,0.67,4.65,5.77,21.77,95.96,4.04,155,NULL,9,2,6,0,0,0.00,USD,21.77
Day of 2025-08-28,2025-08-28,2025-08-28,134,131,15,11.19,64.29,3,2.24,1,0.75,0.00,4.95,5.97,22.14,98.24,1.76,60,NULL,6,NULL,3,0,0,0.00,USD,22.14
Day of 2025-08-27,2025-08-27,2025-08-27,109,108,11,10.09,56.76,1,0.92,1,0.92,0.00,4.65,5.42,21.40,100.0,0.0,0,NULL,4,1,2,0,0,0.00,USD,21.40
Day of 2025-08-26,2025-08-26,2025-08-26,101,101,11,10.89,60.57,0,0.00,0,0.00,0.99,4.82,5.90,20.88,100.0,0.0,0,NULL,10,3,6,0,0,0.00,USD,20.88
Day of 2025-08-25,2025-08-25,2025-08-25,103,103,3,2.91,16.45,0,0.00,0,0.00,0.00,3.86,4.82,20.06,100.0,0.0,0,NULL,10,1,8,0,0,0.00,USD,20.06
Day of 2025-08-24,2025-08-24,2025-08-24,160,155,14,8.75,74.75,5,3.13,1,0.63,0.63,5.16,6.39,22.94,100.0,0.0,0,NULL,5,2,2,0,0,0.00,USD,22.94
Day of 2025-08-23,2025-08-23,2025-08-23,146,140,9,6.16,74.34,6,4.11,5,3.42,0.00,5.51,6.51,24.18,98.4,1.6,45,NULL,9,1,7,0,0,0.00,USD,24.18
Day of 2025-08-22,2025-08-22,2025-08-22,104,97,7,6.73,84.77,7,6.73,5,4.81,0.96,4.61,5.87,24.86,94.06,5.94,228,NULL,13,1,8,0,0,0.00,USD,24.86
Day of 2025-08-21,2025-08-21,2025-08-21,104,104,8,7.69,41.62,0,0.00,0,0.00,0.00,3.82,4.70,19.82,100.0,0.0,0,NULL,7,NULL,5,0,0,0.00,USD,19.82
Day of 2025-08-20,2025-08-20,2025-08-20,102,101,2,1.96,21.40,1,0.98,0,0.00,0.98,3.71,4.55,21.41,100.0,0.0,0,NULL,9,1,7,0,0,0.00,USD,21.41
Day of 2025-08-19,2025-08-19,2025-08-19,92,91,4,4.35,23.29,1,1.09,1,1.09,0.00,3.94,4.78,20.93,100.0,0.0,0,NULL,6,NULL,4,0,0,0.00,USD,20.93
Day of 2025-08-18,2025-08-18,2025-08-18,95,93,3,3.16,20.04,2,2.11,1,1.05,1.05,3.30,4.39,18.53,97.19,2.81,96,NULL,9,NULL,9,0,0,0.00,USD,18.53
Day of 2025-08-17,2025-08-17,2025-08-17,134,129,4,2.99,17.74,5,3.73,4,2.99,0.00,5.54,6.37,23.11,97.94,2.06,84,NULL,9,2,6,0,0,0.00,USD,23.11
Day of 2025-08-16,2025-08-16,2025-08-16,147,146,15,10.20,159.51,1,0.68,1,0.68,0.00,6.09,7.02,23.11,98.62,1.38,39,NULL,11,4,7,0,0,0.00,USD,23.11
Day of 2025-08-15,2025-08-15,2025-08-15,157,152,10,6.37,60.10,5,3.18,5,3.18,0.00,5.00,5.68,24.26,96.14,3.86,148,NULL,16,4,10,0,0,0.00,USD,24.26
Day of 2025-08-14,2025-08-14,2025-08-14,99,97,5,5.05,24.03,2,2.02,0,0.00,0.00,4.15,5.06,23.08,100.0,0.0,0,NULL,7,NULL,5,0,0,0.00,USD,23.08
Day of 2025-08-13,2025-08-13,2025-08-13,96,96,6,6.25,56.22,0,0.00,0,0.00,0.00,5.07,6.14,24.17,99.56,0.44,15,NULL,5,NULL,4,0,0,0.00,USD,24.17
Day of 2025-08-12,2025-08-12,2025-08-12,92,92,8,8.70,41.01,0,0.00,0,0.00,0.00,5.00,6.11,24.47,98.6,1.4,48,NULL,9,1,6,0,0,0.00,USD,24.47
Day of 2025-08-11,2025-08-11,2025-08-11,63,63,3,4.76,17.37,0,0.00,0,0.00,0.00,3.97,5.14,21.66,100.0,0.0,0,NULL,3,1,1,0,0,0.00,USD,21.66
Day of 2025-08-10,2025-08-10,2025-08-10,102,97,11,10.78,44.54,5,4.90,4,3.92,1.96,5.25,5.93,24.92,97.98,2.02,75,NULL,5,1,2,0,0,0.00,USD,24.92
Day of 2025-08-09,2025-08-09,2025-08-09,118,110,5,4.24,28.95,8,6.78,6,5.08,0.00,4.89,5.98,23.29,95.92,4.08,115,NULL,8,NULL,6,0,0,0.00,USD,23.29
Day of 2025-08-08,2025-08-08,2025-08-08,131,122,9,6.87,40.76,9,6.87,4,3.05,3.05,4.00,5.35,23.19,99.31,0.69,17,NULL,11,2,9,0,0,0.00,USD,23.19
Day of 2025-08-07,2025-08-07,2025-08-07,94,91,5,5.32,20.29,3,3.19,1,1.06,2.13,4.51,5.11,20.61,100.0,0.0,0,NULL,7,1,3,0,0,0.00,USD,20.61
Day of 2025-08-06,2025-08-06,2025-08-06,100,98,6,6.00,65.08,2,2.00,1,1.00,0.00,4.26,5.06,20.87,100.0,0.0,0,NULL,10,3,5,0,0,0.00,USD,20.87
Day of 2025-08-05,2025-08-05,2025-08-05,85,85,6,7.06,53.41,0,0.00,0,0.00,0.00,3.95,5.10,21.10,100.0,0.0,0,NULL,3,NULL,3,0,0,0.00,USD,21.10
Day of 2025-08-04,2025-08-04,2025-08-04,100,99,6,6.00,42.25,1,1.00,0,0.00,0.00,4.86,5.95,21.55,99.91,0.09,3,NULL,8,2,5,0,0,0.00,USD,21.55
Day of 2025-08-03,2025-08-03,2025-08-03,134,132,7,5.22,65.07,2,1.49,1,0.75,0.00,6.36,7.15,26.15,98.96,1.04,30,NULL,12,NULL,10,0,0,0.00,USD,26.15
Day of 2025-08-02,2025-08-02,2025-08-02,151,145,13,8.61,62.68,6,3.97,5,3.31,1.99,6.03,7.03,26.79,98.41,1.59,41,NULL,19,4,11,0,0,0.00,USD,26.79
Day of 2025-08-01,2025-08-01,2025-08-01,148,145,9,6.08,54.42,3,2.03,0,0.00,0.00,5.30,6.53,24.30,100.0,0.0,0,NULL,11,4,7,0,0,0.00,USD,24.30
Day of 2025-07-31,2025-07-31,2025-07-31,108,106,10,9.26,93.62,2,1.85,0,0.00,0.93,5.87,7.04,22.97,99.08,0.92,32,NULL,13,3,7,0,0,0.00,USD,22.97
Day of 2025-07-30,2025-07-30,2025-07-30,108,108,6,5.56,22.34,0,0.00,0,0.00,0.00,4.84,6.06,22.84,100.0,0.0,0,NULL,7,NULL,6,0,0,0.00,USD,22.84
Day of 2025-07-29,2025-07-29,2025-07-29,95,95,9,9.47,51.45,0,0.00,0,0.00,0.00,4.62,5.49,21.23,100.0,0.0,0,NULL,10,3,6,0,0,0.00,USD,21.23
Day of 2025-07-28,2025-07-28,2025-07-28,100,98,5,5.00,38.94,2,2.00,2,2.00,0.00,3.76,4.86,20.62,100.0,0.0,0,NULL,11,1,8,0,0,0.00,USD,20.62
Day of 2025-07-27,2025-07-27,2025-07-27,143,137,9,6.29,60.99,6,4.20,1,0.70,0.00,4.20,5.01,21.94,99.2,0.8,23,NULL,5,1,2,0,0,0.00,USD,21.94
Day of 2025-07-26,2025-07-26,2025-07-26,138,131,11,7.97,44.80,7,5.07,4,2.90,0.72,6.08,7.06,26.36,95.28,4.72,181,NULL,14,3,9,0,0,0.00,USD,26.36
Day of 2025-07-25,2025-07-25,2025-07-25,128,124,10,7.81,81.01,4,3.13,0,0.00,0.00,4.61,5.47,22.04,96.63,3.37,91,NULL,6,NULL,6,0,0,0.00,USD,22.04
Day of 2025-07-24,2025-07-24,2025-07-24,95,93,4,4.21,36.68,2,2.11,1,1.05,0.00,4.51,5.57,22.64,100.0,0.0,0,NULL,9,1,5,0,0,0.00,USD,22.64
Day of 2025-07-23,2025-07-23,2025-07-23,79,79,6,7.59,30.54,0,0.00,0,0.00,0.00,4.04,5.03,20.61,100.0,0.0,0,NULL,9,NULL,6,0,0,0.00,USD,20.61
Day of 2025-07-22,2025-07-22,2025-07-22,64,63,3,4.69,20.41,1,1.56,0,0.00,0.00,4.18,5.11,19.40,100.0,0.0,0,NULL,2,NULL,2,0,0,0.00,USD,19.40
Day of 2025-07-21,2025-07-21,2025-07-21,94,93,6,6.38,19.74,1,1.06,0,0.00,0.00,4.16,5.39,21.38,100.0,0.0,0,NULL,9,2,7,0,0,0.00,USD,21.38
Day of 2025-07-20,2025-07-20,2025-07-20,121,107,6,4.96,27.56,14,11.57,6,4.96,2.48,4.27,4.98,20.66,99.56,0.44,11,NULL,9,NULL,6,0,0,0.00,USD,20.66
Day of 2025-07-19,2025-07-19,2025-07-19,150,149,11,7.33,60.83,1,0.67,1,0.67,0.00,5.80,7.10,25.61,99.03,0.97,25,NULL,8,NULL,6,0,0,0.00,USD,25.61
Day of 2025-07-18,2025-07-18,2025-07-18,138,137,13,9.42,68.98,1,0.72,0,0.00,0.00,5.48,7.01,24.39,100.0,0.0,0,NULL,10,1,6,0,0,0.00,USD,24.39
Day of 2025-07-17,2025-07-17,2025-07-17,120,118,9,7.50,59.32,2,1.67,1,0.83,0.00,5.34,6.84,22.45,98.24,1.76,60,NULL,13,2,5,0,0,0.00,USD,22.45
Day of 2025-07-16,2025-07-16,2025-07-16,124,123,11,8.87,57.46,1,0.81,0,0.00,0.00,4.43,5.44,19.69,100.0,0.0,0,NULL,9,2,6,0,0,0.00,USD,19.69
Day of 2025-07-15,2025-07-15,2025-07-15,90,89,8,8.89,54.26,1,1.11,0,0.00,0.00,5.26,6.45,22.06,100.0,0.0,0,NULL,11,1,6,0,0,0.00,USD,22.06
Day of 2025-07-14,2025-07-14,2025-07-14,106,102,10,9.43,43.49,4,3.77,0,0.00,0.00,4.74,5.75,21.75,99.71,0.29,10,NULL,5,2,3,0,0,0.00,USD,21.75
Day of 2025-07-13,2025-07-13,2025-07-13,167,156,11,6.59,40.94,11,6.59,8,4.79,0.00,5.92,6.93,25.96,95.99,4.01,113,NULL,8,NULL,5,0,0,0.00,USD,25.96
Day of 2025-07-12,2025-07-12,2025-07-12,143,142,10,6.99,27.62,1,0.70,0,0.00,0.00,5.46,6.31,22.46,99.84,0.16,6,NULL,6,NULL,5,0,0,0.00,USD,22.46
Day of 2025-07-11,2025-07-11,2025-07-11,157,147,8,5.10,56.38,10,6.37,7,4.46,1.27,5.27,6.46,22.63,94.68,5.32,217,NULL,10,NULL,4,0,0,0.00,USD,22.63
Day of 2025-07-10,2025-07-10,2025-07-10,93,93,8,8.60,39.64,0,0.00,0,0.00,0.00,4.81,5.75,21.70,100.0,0.0,0,NULL,9,3,4,0,0,0.00,USD,21.70
Day of 2025-07-09,2025-07-09,2025-07-09,87,84,8,9.20,42.64,3,3.45,2,2.30,1.15,5.28,6.33,22.29,100.0,0.0,0,NULL,7,2,3,0,0,0.00,USD,22.29
Day of 2025-07-08,2025-07-08,2025-07-08,83,83,9,10.84,55.41,0,0.00,0,0.00,0.00,4.56,5.58,21.15,100.0,0.0,0,NULL,7,1,2,0,0,0.00,USD,21.15
Day of 2025-07-07,2025-07-07,2025-07-07,81,80,3,3.70,18.92,1,1.23,0,0.00,0.00,5.36,6.09,22.32,99.91,0.09,3,NULL,8,2,3,0,0,0.00,USD,22.32
Day of 2025-07-06,2025-07-06,2025-07-06,117,111,12,10.26,78.80,6,5.13,3,2.56,0.00,6.03,7.34,25.48,98.3,1.7,59,NULL,9,NULL,6,0,0,0.00,USD,25.48
Day of 2025-07-05,2025-07-05,2025-07-05,134,125,16,11.94,77.48,9,6.72,6,4.48,0.00,6.13,7.55,26.69,77.83,22.17,914,NULL,11,6,4,0,0,0.00,USD,26.69
Day of 2025-07-04,2025-07-04,2025-07-04,128,118,5,3.91,38.16,10,7.81,5,3.91,0.00,6.83,8.26,27.94,98.52,1.48,61,NULL,7,2,5,0,0,0.00,USD,27.94
Day of 2025-07-03,2025-07-03,2025-07-03,141,139,16,11.35,68.72,2,1.42,0,0.00,0.00,4.86,6.32,23.62,100.0,0.0,0,NULL,18,2,10,0,0,0.00,USD,23.62
Day of 2025-07-02,2025-07-02,2025-07-02,128,127,14,10.94,105.59,1,0.78,1,0.78,0.00,5.27,6.97,23.90,99.97,0.03,1,NULL,10,5,3,0,0,0.00,USD,23.90
Day of 2025-07-01,2025-07-01,2025-07-01,97,96,15,15.46,68.78,1,1.03,0,0.00,0.00,4.25,5.12,21.92,100.0,0.0,0,NULL,13,5,5,0,0,0.00,USD,21.92
Day of 2025-06-30,2025-06-30,2025-06-30,87,86,8,9.20,64.03,1,1.15,0,0.00,0.00,5.38,6.48,22.49,100.0,0.0,0,NULL,9,3,4,0,0,0.00,USD,22.49
Day of 2025-06-29,2025-06-29,2025-06-29,165,154,13,7.88,75.98,11,6.67,10,6.06,0.61,5.62,6.96,25.58,99.03,0.97,40,NULL,14,1,5,0,0,0.00,USD,25.58
Day of 2025-06-28,2025-06-28,2025-06-28,161,156,12,7.45,69.97,5,3.11,4,2.48,0.00,4.43,5.73,23.29,99.2,0.8,33,NULL,11,3,6,0,0,0.00,USD,23.29
Day of 2025-06-27,2025-06-27,2025-06-27,142,140,9,6.34,55.82,2,1.41,2,1.41,0.00,5.02,6.26,24.99,100.0,0.0,0,NULL,10,1,6,0,0,0.00,USD,24.99
Day of 2025-06-26,2025-06-26,2025-06-26,107,105,6,5.61,48.24,2,1.87,1,0.93,0.00,3.54,4.69,21.92,100.0,0.0,0,NULL,12,2,5,0,0,0.00,USD,21.92
Day of 2025-06-25,2025-06-25,2025-06-25,87,86,3,3.45,12.73,1,1.15,0,0.00,0.00,5.50,6.99,22.85,100.0,0.0,0,NULL,6,NULL,3,0,0,0.00,USD,22.85
Day of 2025-06-24,2025-06-24,2025-06-24,90,90,7,7.78,37.80,0,0.00,0,0.00,0.00,3.84,4.58,22.92,99.71,0.29,10,NULL,10,1,3,0,0,0.00,USD,22.92
Day of 2025-06-23,2025-06-23,2025-06-23,88,86,4,4.55,10.52,2,2.27,0,0.00,0.00,4.96,6.02,23.03,100.0,0.0,0,NULL,8,1,5,0,0,0.00,USD,23.03
Day of 2025-06-22,2025-06-22,2025-06-22,151,145,10,6.62,54.10,6,3.97,2,1.32,0.00,5.44,6.65,25.09,99.65,0.35,10,NULL,10,2,5,0,0,0.00,USD,25.09
Day of 2025-06-21,2025-06-21,2025-06-21,123,118,6,4.88,27.99,5,4.07,3,2.44,0.00,4.90,5.96,23.90,98.96,1.04,40,NULL,6,2,2,0,0,0.00,USD,23.90
Day of 2025-06-20,2025-06-20,2025-06-20,128,123,13,10.16,88.93,5,3.91,5,3.91,0.78,4.29,5.43,22.74,99.78,0.22,9,NULL,12,4,6,0,0,0.00,USD,22.74
Day of 2025-06-19,2025-06-19,2025-06-19,104,103,7,6.73,41.39,1,0.96,0,0.00,0.00,4.01,5.11,21.32,99.5,0.5,17,NULL,9,3,4,0,0,0.00,USD,21.32
Day of 2025-06-18,2025-06-18,2025-06-18,88,86,4,4.55,20.25,2,2.27,0,0.00,1.14,3.98,5.25,24.87,100.0,0.0,0,NULL,11,3,6,0,0,0.00,USD,24.87
Day of 2025-06-17,2025-06-17,2025-06-17,92,89,7,7.61,37.76,3,3.26,1,1.09,0.00,3.92,4.72,21.93,100.0,0.0,0,NULL,12,3,5,0,0,0.00,USD,21.93
Day of 2025-06-16,2025-06-16,2025-06-16,82,82,5,6.10,45.30,0,0.00,0,0.00,1.22,3.54,4.59,21.44,99.68,0.32,11,NULL,5,1,1,0,0,0.00,USD,21.44
Day of 2025-06-15,2025-06-15,2025-06-15,126,120,5,3.97,69.85,6,4.76,4,3.17,0.79,4.01,5.06,23.40,98.9,1.1,45,NULL,10,1,5,0,0,0.00,USD,23.40
Day of 2025-06-14,2025-06-14,2025-06-14,125,118,10,8.00,67.76,7,5.60,4,3.20,0.80,4.84,6.30,24.00,98.72,1.28,52,NULL,4,2,1,0,0,0.00,USD,24.00
Day of 2025-06-13,2025-06-13,2025-06-13,141,137,11,7.80,103.24,4,2.84,3,2.13,1.42,3.84,4.70,21.13,99.68,0.32,13,NULL,12,1,8,0,0,0.00,USD,21.13
Day of 2025-06-12,2025-06-12,2025-06-12,92,91,6,6.52,25.49,1,1.09,0,0.00,4.35,3.25,3.99,21.37,100.0,0.0,0,NULL,6,1,4,0,0,0.00,USD,21.37
Day of 2025-06-11,2025-06-11,2025-06-11,96,93,11,11.46,91.53,3,3.13,2,2.08,1.04,4.29,5.53,23.65,99.27,0.73,25,NULL,8,1,5,0,0,0.00,USD,23.65
Day of 2025-06-10,2025-06-10,2025-06-10,88,88,8,9.09,32.47,0,0.00,0,0.00,1.14,4.03,5.18,23.56,100.0,0.0,0,NULL,8,NULL,7,0,0,0.00,USD,23.56
Day of 2025-06-09,2025-06-09,2025-06-09,97,96,6,6.19,50.64,1,1.03,1,1.03,1.03,3.63,4.97,21.24,100.0,0.0,0,NULL,7,1,5,0,0,0.00,USD,21.24
Day of 2025-06-08,2025-06-08,2025-06-08,134,129,10,7.46,100.35,5,3.73,4,2.99,0.00,4.09,5.36,24.14,99.36,0.64,26,NULL,9,2,5,0,0,0.00,USD,24.14
Day of 2025-06-07,2025-06-07,2025-06-07,138,130,13,9.42,125.15,8,5.80,5,3.62,0.72,5.83,7.13,23.87,98.01,1.99,81,NULL,11,1,7,0,0,0.00,USD,23.87
Day of 2025-06-06,2025-06-06,2025-06-06,150,150,10,6.67,77.14,0,0.00,0,0.00,0.00,4.24,5.32,23.72,100.0,0.0,0,NULL,15,4,8,0,0,0.00,USD,23.72
Day of 2025-06-05,2025-06-05,2025-06-05,112,111,7,6.25,48.29,1,0.89,1,0.89,0.00,3.81,4.91,22.44,100.0,0.0,0,NULL,9,1,6,0,0,0.00,USD,22.44
Day of 2025-06-04,2025-06-04,2025-06-04,100,99,3,3.00,29.81,1,1.00,0,0.00,0.00,4.57,5.70,21.62,100.0,0.0,0,NULL,12,NULL,10,0,0,0.00,USD,21.62
Day of 2025-06-03,2025-06-03,2025-06-03,86,85,4,4.65,17.73,1,1.16,0,0.00,17.44,4.38,5.47,22.30,98.62,1.38,47,NULL,5,NULL,4,0,0,0.00,USD,22.30
Day of 2025-06-02,2025-06-02,2025-06-02,76,52,4,5.26,30.56,24,31.58,23,30.26,31.58,5.07,6.12,21.91,89.08,10.92,373,NULL,5,3,1,0,0,0.00,USD,21.91
Day of 2025-06-01,2025-06-01,2025-06-01,149,144,14,9.40,66.62,5,3.36,2,1.34,25.50,4.86,6.01,23.40,98.93,1.07,30,NULL,5,2,2,0,0,0.00,USD,23.40
Day of 2025-05-31,2025-05-31,2025-05-31,125,115,11,8.80,71.24,10,8.00,6,4.80,0.00,4.34,5.42,23.18,96.48,3.52,135,NULL,11,5,6,0,0,0.00,USD,23.18
Day of 2025-05-30,2025-05-30,2025-05-30,182,178,17,9.34,111.12,4,2.20,3,1.65,0.00,4.37,5.57,21.97,99.12,0.88,36,NULL,15,3,9,0,0,0.00,USD,21.97
Day of 2025-05-29,2025-05-29,2025-05-29,107,104,11,10.28,39.97,3,2.80,1,0.93,0.00,4.28,5.40,21.01,100.0,0.0,0,NULL,9,3,5,0,0,0.00,USD,21.01
Day of 2025-05-28,2025-05-28,2025-05-28,91,89,4,4.40,31.44,2,2.20,1,1.10,1.10,4.93,6.14,20.27,99.12,0.88,30,NULL,4,1,2,0,0,0.00,USD,20.27
Day of 2025-05-27,2025-05-27,2025-05-27,81,80,7,8.64,27.73,1,1.23,1,1.23,0.00,5.29,6.52,21.75,98.77,1.23,42,NULL,7,1,6,0,0,0.00,USD,21.75
Day of 2025-05-26,2025-05-26,2025-05-26,80,79,9,11.25,41.24,1,1.25,0,0.00,0.00,4.74,5.51,19.67,99.12,0.88,30,NULL,9,3,6,0,0,0.00,USD,19.67
Day of 2025-05-25,2025-05-25,2025-05-25,149,140,10,6.71,60.46,9,6.04,7,4.70,0.00,5.56,6.32,24.45,97.15,2.85,116,NULL,11,3,7,0,0,0.00,USD,24.45
Day of 2025-05-24,2025-05-24,2025-05-24,151,149,12,7.95,109.88,2,1.32,2,1.32,0.00,4.89,5.89,22.76,99.73,0.27,11,NULL,13,4,8,0,0,0.00,USD,22.76
Day of 2025-05-23,2025-05-23,2025-05-23,155,152,14,9.03,93.62,3,1.94,2,1.29,0.00,5.06,5.54,23.69,100.0,0.0,0,NULL,16,8,6,0,0,0.00,USD,23.69
Day of 2025-05-22,2025-05-22,2025-05-22,106,105,7,6.60,54.03,1,0.94,0,0.00,0.00,3.95,5.01,23.58,100.0,0.0,0,NULL,7,1,5,0,0,0.00,USD,23.58
Day of 2025-05-21,2025-05-21,2025-05-21,94,92,7,7.45,25.77,2,2.13,2,2.13,0.00,4.18,5.68,23.15,99.21,0.79,27,NULL,8,2,4,0,0,0.00,USD,23.15
Day of 2025-05-20,2025-05-20,2025-05-20,113,112,13,11.50,72.67,1,0.89,1,0.89,0.00,4.50,5.48,21.18,100.0,0.0,0,NULL,11,2,7,0,0,0.00,USD,21.18
Day of 2025-05-19,2025-05-19,2025-05-19,85,83,5,5.88,21.56,2,2.35,0,0.00,0.00,3.36,4.37,20.04,100.0,0.0,0,NULL,11,3,7,0,0,0.00,USD,20.04
Day of 2025-05-18,2025-05-18,2025-05-18,169,162,16,9.47,104.19,7,4.14,3,1.78,0.59,4.48,5.49,22.34,100.0,0.0,0,NULL,10,2,8,0,0,0.00,USD,22.34
Day of 2025-05-17,2025-05-17,2025-05-17,139,134,10,7.19,60.34,5,3.60,3,2.16,0.72,4.49,5.35,21.74,99.22,0.78,32,NULL,12,1,7,0,0,0.00,USD,21.74
Day of 2025-05-16,2025-05-16,2025-05-16,164,163,12,7.32,64.98,1,0.61,0,0.00,0.00,4.00,5.14,23.82,100.0,0.0,0,NULL,10,2,7,0,0,0.00,USD,23.82
Day of 2025-05-15,2025-05-15,2025-05-15,107,104,9,8.41,76.54,3,2.80,0,0.00,0.00,3.68,4.65,21.48,100.0,0.0,0,NULL,13,2,11,0,0,0.00,USD,21.48
Day of 2025-05-14,2025-05-14,2025-05-14,108,106,9,8.33,40.04,2,1.85,1,0.93,0.00,4.42,5.50,21.82,100.0,0.0,0,NULL,16,5,9,0,0,0.00,USD,21.82
Day of 2025-05-13,2025-05-13,2025-05-13,99,99,11,11.11,86.31,0,0.00,0,0.00,0.00,4.30,5.60,21.17,99.91,0.09,3,NULL,11,1,6,0,0,0.00,USD,21.17
Day of 2025-05-12,2025-05-12,2025-05-12,95,93,2,2.11,3.51,2,2.11,0,0.00,0.00,4.26,5.17,19.91,100.0,0.0,0,NULL,5,1,2,0,0,0.00,USD,19.91
Day of 2025-05-11,2025-05-11,2025-05-11,138,135,8,5.80,54.67,3,2.17,3,2.17,0.00,4.43,6.11,26.26,96.98,3.02,123,NULL,6,1,3,0,0,0.00,USD,26.26
Day of 2025-05-10,2025-05-10,2025-05-10,188,181,17,9.04,106.19,7,3.72,7,3.72,0.00,6.01,7.06,26.84,98.11,1.89,77,NULL,10,2,6,0,0,0.00,USD,26.84
Day of 2025-05-09,2025-05-09,2025-05-09,179,177,20,11.17,157.36,2,1.12,2,1.12,0.00,5.12,6.18,24.03,100.0,0.0,0,NULL,12,4,4,0,0,0.00,USD,24.03
Day of 2025-05-08,2025-05-08,2025-05-08,121,116,9,7.44,36.58,5,4.13,3,2.48,0.00,4.63,5.87,22.82,99.5,0.5,17,NULL,10,NULL,7,0,0,0.00,USD,22.82
Day of 2025-05-07,2025-05-07,2025-05-07,105,105,5,4.76,50.92,0,0.00,0,0.00,0.00,5.03,6.37,22.92,100.0,0.0,0,NULL,8,NULL,4,0,0,0.00,USD,22.92
Day of 2025-05-06,2025-05-06,2025-05-06,120,118,6,5.00,40.87,2,1.67,2,1.67,0.00,4.59,5.94,20.87,100.0,0.0,0,NULL,10,2,5,0,0,0.00,USD,20.87
Day of 2025-05-05,2025-05-05,2025-05-05,92,90,6,6.52,28.00,2,2.17,1,1.09,0.00,4.78,5.64,22.09,98.92,1.08,37,NULL,9,NULL,7,0,0,0.00,USD,22.09
Day of 2025-05-04,2025-05-04,2025-05-04,164,156,12,7.32,61.57,8,4.88,5,3.05,0.00,4.29,5.41,23.62,99.04,0.96,39,NULL,14,2,10,0,0,0.00,USD,23.62
Day of 2025-05-03,2025-05-03,2025-05-03,150,146,13,8.67,128.11,4,2.67,2,1.33,0.00,5.89,7.46,26.10,99.11,0.89,25,NULL,17,3,11,0,0,0.00,USD,26.10
Day of 2025-05-02,2025-05-02,2025-05-02,164,161,8,4.88,67.79,3,1.83,3,1.83,1.22,5.84,7.00,26.03,97.34,2.66,102,NULL,15,1,9,0,0,0.00,USD,26.03
Day of 2025-05-01,2025-05-01,2025-05-01,125,125,12,9.60,88.18,0,0.00,0,0.00,0.00,4.89,6.12,22.97,100.0,0.0,0,NULL,8,NULL,6,0,0,0.00,USD,22.97
Day of 2025-04-30,2025-04-30,2025-04-30,109,107,5,4.59,14.76,2,1.83,2,1.83,0.00,4.10,5.09,21.28,100.0,0.0,0,NULL,12,1,8,0,0,0.00,USD,21.28
Day of 2025-04-29,2025-04-29,2025-04-29,100,98,14,14.00,77.47,2,2.00,1,1.00,0.00,4.43,5.67,22.54,100.0,0.0,0,NULL,8,2,4,0,0,0.00,USD,22.54
Day of 2025-04-28,2025-04-28,2025-04-28,87,86,6,6.90,33.68,1,1.15,1,1.15,1.15,5.22,6.27,22.56,100.0,0.0,0,NULL,10,2,6,0,0,0.00,USD,22.56
Day of 2025-04-27,2025-04-27,2025-04-27,198,185,12,6.06,79.83,13,6.57,10,5.05,0.00,5.23,7.00,28.53,98.56,1.44,58,NULL,6,1,4,0,0,0.00,USD,28.53
Day of 2025-04-26,2025-04-26,2025-04-26,173,165,8,4.62,28.66,8,4.62,5,2.89,0.00,4.60,5.91,26.58,98.91,1.09,42,NULL,13,3,8,0,0,0.00,USD,26.58
Day of 2025-04-25,2025-04-25,2025-04-25,167,163,9,5.39,33.64,4,2.40,4,2.40,0.00,4.39,5.92,24.96,99.75,0.25,10,NULL,14,1,11,0,0,0.00,USD,24.96
Day of 2025-04-24,2025-04-24,2025-04-24,93,92,6,6.45,58.08,1,1.08,0,0.00,0.00,4.49,5.49,23.10,100.0,0.0,0,NULL,12,4,7,0,0,0.00,USD,23.10
Day of 2025-04-23,2025-04-23,2025-04-23,126,126,10,7.94,51.35,0,0.00,0,0.00,0.00,3.70,5.00,21.92,100.0,0.0,0,NULL,12,2,8,0,0,0.00,USD,21.92
Day of 2025-04-22,2025-04-22,2025-04-22,95,95,8,8.42,52.06,0,0.00,0,0.00,0.00,3.74,4.81,21.72,100.0,0.0,0,NULL,5,NULL,3,0,0,0.00,USD,21.72
Day of 2025-04-21,2025-04-21,2025-04-21,102,101,3,2.94,12.38,1,0.98,0,0.00,0.00,3.65,4.89,20.96,100.0,0.0,0,NULL,10,NULL,7,0,0,0.00,USD,20.96
Day of 2025-04-20,2025-04-20,2025-04-20,163,153,9,5.52,57.46,10,6.14,10,6.14,0.00,3.70,4.72,20.49,97.99,2.01,82,NULL,10,4,5,0,0,0.00,USD,20.49
Day of 2025-04-19,2025-04-19,2025-04-19,159,152,14,8.81,68.26,7,4.40,5,3.14,0.00,5.00,6.16,24.31,99.58,0.42,17,NULL,11,3,6,0,0,0.00,USD,24.31
Day of 2025-04-18,2025-04-18,2025-04-18,195,189,11,5.64,85.05,6,3.08,4,2.05,0.00,4.40,5.53,24.23,99.93,0.07,3,NULL,15,2,9,0,0,0.00,USD,24.23
Day of 2025-04-17,2025-04-17,2025-04-17,108,105,7,6.48,40.05,3,2.78,0,0.00,0.00,3.86,5.11,22.67,100.0,0.0,0,NULL,5,2,2,0,0,0.00,USD,22.67
Day of 2025-04-16,2025-04-16,2025-04-16,103,103,9,8.74,66.39,0,0.00,0,0.00,0.00,5.58,7.16,23.03,98.95,1.05,36,NULL,9,1,5,0,0,0.00,USD,23.03
Day of 2025-04-15,2025-04-15,2025-04-15,104,104,2,1.92,8.64,0,0.00,0,0.00,0.00,3.52,4.57,22.63,100.0,0.0,0,NULL,7,1,4,0,0,0.00,USD,22.63
Day of 2025-04-14,2025-04-14,2025-04-14,101,100,5,4.95,46.51,1,0.99,0,0.00,0.00,3.47,4.73,20.91,100.0,0.0,0,NULL,11,2,8,0,0,0.00,USD,20.91
Day of 2025-04-13,2025-04-13,2025-04-13,144,135,9,6.25,105.68,9,6.25,7,4.86,0.00,4.08,5.57,25.04,93.79,6.21,253,NULL,15,2,10,0,0,0.00,USD,25.04
Day of 2025-04-12,2025-04-12,2025-04-12,192,182,9,4.69,88.90,10,5.21,9,4.69,0.00,6.36,8.01,27.96,98.95,1.05,43,NULL,13,3,5,0,0,0.00,USD,27.96
Day of 2025-04-11,2025-04-11,2025-04-11,175,165,14,8.00,63.21,10,5.71,9,5.14,0.57,4.06,5.12,22.00,99.41,0.59,24,NULL,7,NULL,4,0,0,0.00,USD,22.00
Day of 2025-04-10,2025-04-10,2025-04-10,142,142,16,11.27,78.42,0,0.00,0,0.00,0.00,3.71,4.78,20.54,100.0,0.0,0,NULL,15,2,6,0,0,0.00,USD,20.54
Day of 2025-04-09,2025-04-09,2025-04-09,139,138,12,8.63,91.34,1,0.72,0,0.00,0.00,5.14,6.15,21.04,100.0,0.0,0,NULL,9,3,5,0,0,0.00,USD,21.04
Day of 2025-04-08,2025-04-08,2025-04-08,134,132,11,8.21,74.58,2,1.49,1,0.75,0.00,4.09,5.19,19.37,100.0,0.0,0,NULL,10,1,7,0,0,0.00,USD,19.37
Day of 2025-04-07,2025-04-07,2025-04-07,148,146,11,7.43,82.19,2,1.35,1,0.68,0.00,3.58,4.63,19.12,100.0,0.0,0,NULL,7,1,3,0,0,0.00,USD,19.12
Day of 2025-04-06,2025-04-06,2025-04-06,215,204,14,6.51,83.11,11,5.12,6,2.79,0.00,5.03,6.06,23.19,98.95,1.05,29,NULL,17,4,7,0,0,0.00,USD,23.19
Day of 2025-04-05,2025-04-05,2025-04-05,172,171,14,8.14,85.19,1,0.58,0,0.00,0.00,4.65,5.76,22.98,99.69,0.31,11,NULL,22,6,9,0,0,0.00,USD,22.98
Day of 2025-04-04,2025-04-04,2025-04-04,194,182,11,5.67,69.68,12,6.19,9,4.64,0.00,4.56,5.74,23.69,99.98,0.02,1,NULL,18,2,12,0,0,0.00,USD,23.69
Day of 2025-04-03,2025-04-03,2025-04-03,134,130,19,14.18,126.35,4,2.99,1,0.75,0.00,4.50,5.68,21.91,98.24,1.76,60,NULL,12,2,5,0,0,0.00,USD,21.91
Day of 2025-04-02,2025-04-02,2025-04-02,131,127,9,6.87,33.19,4,3.05,2,1.53,0.00,4.81,5.87,26.09,99.39,0.61,21,NULL,13,1,7,0,0,0.00,USD,26.09
Day of 2025-04-01,2025-04-01,2025-04-01,138,133,17,12.32,142.36,5,3.62,4,2.90,0.00,5.19,6.46,23.95,100.0,0.0,0,NULL,8,1,5,0,0,0.00,USD,23.95
Day of 2025-03-31,2025-03-31,2025-03-31,133,130,11,8.27,76.66,3,2.26,3,2.26,0.00,5.25,6.91,23.36,98.24,1.76,60,NULL,9,1,4,0,0,0.00,USD,23.36
Day of 2025-03-30,2025-03-30,2025-03-30,221,195,26,11.76,178.14,26,11.76,18,8.14,0.00,6.20,7.40,28.24,96.07,3.93,146,NULL,11,3,7,0,0,0.00,USD,28.24
Day of 2025-03-29,2025-03-29,2025-03-29,188,169,12,6.38,76.85,19,10.11,18,9.57,0.53,4.71,6.06,24.47,96.35,3.65,140,NULL,8,2,5,0,0,0.00,USD,24.47
Day of 2025-03-28,2025-03-28,2025-03-28,165,156,14,8.48,84.27,9,5.45,6,3.64,0.61,3.88,4.94,21.01,97.87,2.13,87,NULL,14,1,9,0,0,0.00,USD,21.01
Day of 2025-03-27,2025-03-27,2025-03-27,111,111,10,9.01,54.89,0,0.00,0,0.00,0.00,4.25,5.13,22.74,100.0,0.0,0,NULL,6,1,4,0,0,0.00,USD,22.74
Day of 2025-03-26,2025-03-26,2025-03-26,123,119,10,8.13,67.95,4,3.25,2,1.63,0.00,5.13,6.20,22.45,100.0,0.0,0,NULL,19,2,15,0,0,0.00,USD,22.45
Day of 2025-03-25,2025-03-25,2025-03-25,92,91,7,7.61,24.10,1,1.09,1,1.09,0.00,4.19,5.53,19.39,100.0,0.0,0,NULL,8,1,7,0,0,0.00,USD,19.39
Day of 2025-03-24,2025-03-24,2025-03-24,91,89,8,8.79,20.75,2,2.20,0,0.00,0.00,4.00,4.81,19.74,98.54,1.46,50,NULL,5,2,2,0,0,0.00,USD,19.74
Day of 2025-03-23,2025-03-23,2025-03-23,184,174,13,7.07,79.68,10,5.43,7,3.80,0.54,3.14,4.19,22.13,99.72,0.28,10,NULL,12,3,8,0,0,0.00,USD,22.13
Day of 2025-03-22,2025-03-22,2025-03-22,209,199,11,5.26,74.07,10,4.78,8,3.83,1.44,5.75,7.09,23.70,97.18,2.82,115,NULL,20,4,8,0,0,0.00,USD,23.70
Day of 2025-03-21,2025-03-21,2025-03-21,188,185,17,9.04,135.24,3,1.60,2,1.06,0.00,4.45,5.42,21.39,99.36,0.64,26,NULL,13,2,9,0,0,0.00,USD,21.39
Day of 2025-03-20,2025-03-20,2025-03-20,160,158,16,10.00,96.06,2,1.25,0,0.00,0.00,4.35,5.50,21.82,100.0,0.0,0,NULL,14,2,11,0,0,0.00,USD,21.82
Day of 2025-03-19,2025-03-19,2025-03-19,126,124,5,3.97,53.12,2,1.59,2,1.59,0.00,5.39,6.37,23.46,99.12,0.88,30,NULL,14,1,12,0,0,0.00,USD,23.46
Day of 2025-03-18,2025-03-18,2025-03-18,125,124,20,16.00,85.08,1,0.80,0,0.00,0.00,4.98,5.84,22.62,99.12,0.88,30,NULL,12,1,8,0,0,0.00,USD,22.62
Day of 2025-03-17,2025-03-17,2025-03-17,122,120,8,6.56,69.91,2,1.64,1,0.82,0.00,4.11,4.80,21.39,100.0,0.0,0,NULL,8,2,4,0,0,0.00,USD,21.39
Day of 2025-03-16,2025-03-16,2025-03-16,201,190,20,9.95,136.23,11,5.47,6,2.99,0.00,4.72,6.64,26.13,98.82,1.18,48,NULL,9,1,6,0,0,0.00,USD,26.13
Day of 2025-03-15,2025-03-15,2025-03-15,216,210,22,10.19,131.43,6,2.78,3,1.39,0.46,5.29,6.37,24.94,99.83,0.17,7,NULL,17,6,9,0,0,0.00,USD,24.94
Day of 2025-03-14,2025-03-14,2025-03-14,161,157,15,9.32,73.23,4,2.48,2,1.24,1.86,4.20,5.54,24.56,100.0,0.0,0,NULL,13,3,7,0,0,0.00,USD,24.56
Day of 2025-03-13,2025-03-13,2025-03-13,119,117,10,8.40,44.71,2,1.68,0,0.00,0.00,3.50,4.55,20.94,100.0,0.0,0,NULL,10,NULL,6,0,0,0.00,USD,20.94
Day of 2025-03-12,2025-03-12,2025-03-12,129,128,3,2.33,20.06,1,0.78,0,0.00,0.00,4.30,5.42,20.75,100.0,0.0,0,NULL,12,4,6,0,0,0.00,USD,20.75
Day of 2025-03-11,2025-03-11,2025-03-11,97,97,6,6.19,47.06,0,0.00,0,0.00,0.00,4.59,5.37,20.27,100.0,0.0,0,NULL,4,NULL,4,0,0,0.00,USD,20.27
Day of 2025-03-10,2025-03-10,2025-03-10,100,98,13,13.00,71.74,2,2.00,1,1.00,0.00,4.17,5.28,19.79,100.0,0.0,0,NULL,9,2,5,0,0,0.00,USD,19.79
Day of 2025-03-09,2025-03-09,2025-03-09,175,156,19,10.86,149.35,19,10.86,13,7.43,0.00,5.24,6.32,24.39,94.58,5.42,221,NULL,8,2,3,0,0,0.00,USD,24.39
Day of 2025-03-08,2025-03-08,2025-03-08,188,185,14,7.45,140.81,3,1.60,1,0.53,0.00,4.66,5.77,22.89,98.72,1.28,52,NULL,10,2,8,0,0,0.00,USD,22.89
Day of 2025-03-07,2025-03-07,2025-03-07,193,187,15,7.77,94.03,6,3.11,3,1.55,0.00,4.01,5.38,23.33,100.0,0.0,0,NULL,14,1,9,0,0,0.00,USD,23.33
Day of 2025-03-06,2025-03-06,2025-03-06,117,116,8,6.84,52.49,1,0.85,1,0.85,0.85,4.20,5.21,21.89,100.0,0.0,0,NULL,4,NULL,3,0,0,0.00,USD,21.89
Day of 2025-03-05,2025-03-05,2025-03-05,144,144,12,8.33,128.46,0,0.00,0,0.00,0.00,4.62,6.04,22.34,100.0,0.0,0,NULL,11,1,9,0,0,0.00,USD,22.34
Day of 2025-03-04,2025-03-04,2025-03-04,137,136,8,5.84,65.50,1,0.73,0,0.00,0.00,3.85,5.12,22.18,100.0,0.0,0,NULL,12,1,10,0,0,0.00,USD,22.18
Day of 2025-03-03,2025-03-03,2025-03-03,126,124,14,11.11,92.52,2,1.59,0,0.00,0.00,4.42,5.84,22.78,100.0,0.0,0,NULL,10,4,4,0,0,0.00,USD,22.78
Day of 2025-03-02,2025-03-02,2025-03-02,238,222,31,13.03,267.59,16,6.72,12,5.04,0.42,5.25,6.25,25.67,97.3,2.7,110,NULL,15,6,6,0,0,0.00,USD,25.67
Day of 2025-03-01,2025-03-01,2025-03-01,222,211,31,13.96,275.38,11,4.96,8,3.60,0.00,5.09,6.32,24.64,98.9,1.1,45,NULL,18,5,11,0,0,0.00,USD,24.64
Day of 2025-02-28,2025-02-28,2025-02-28,195,188,18,9.23,117.60,7,3.59,6,3.08,0.00,5.28,6.42,24.40,99.17,0.83,34,NULL,17,3,11,0,0,0.00,USD,24.40
Day of 2025-02-27,2025-02-27,2025-02-27,143,137,10,6.99,64.20,6,4.20,4,2.80,2.80,4.85,6.35,22.25,99.97,0.03,1,NULL,15,6,7,0,0,0.00,USD,22.25
Day of 2025-02-26,2025-02-26,2025-02-26,162,161,15,9.26,130.77,1,0.62,0,0.00,0.00,5.57,6.95,23.96,98.92,1.08,37,NULL,12,1,8,0,0,0.00,USD,23.96
Day of 2025-02-25,2025-02-25,2025-02-25,132,128,7,5.30,55.39,4,3.03,1,0.76,0.00,4.44,5.67,22.94,99.12,0.88,30,NULL,11,2,5,0,0,0.00,USD,22.94
Day of 2025-02-24,2025-02-24,2025-02-24,115,115,8,6.96,58.07,0,0.00,0,0.00,0.00,3.67,4.77,19.93,100.0,0.0,0,NULL,11,2,8,0,0,0.00,USD,19.93
Day of 2025-02-23,2025-02-23,2025-02-23,214,201,17,7.94,110.86,13,6.07,8,3.74,0.47,4.75,5.78,27.22,99.75,0.25,10,NULL,9,2,6,0,0,0.00,USD,27.22
Day of 2025-02-22,2025-02-22,2025-02-22,196,191,21,10.71,102.11,5,2.55,3,1.53,0.00,4.88,6.66,28.36,99.22,0.78,32,NULL,21,4,10,0,0,0.00,USD,28.36
Day of 2025-02-21,2025-02-21,2025-02-21,206,198,17,8.25,139.92,8,3.88,4,1.94,0.49,4.70,6.39,27.66,100.0,0.0,0,NULL,10,3,4,0,0,0.00,USD,27.66
Day of 2025-02-20,2025-02-20,2025-02-20,161,161,7,4.35,65.41,0,0.00,0,0.00,0.00,3.33,4.66,23.28,100.0,0.0,0,NULL,15,2,9,0,0,0.00,USD,23.28
Day of 2025-02-19,2025-02-19,2025-02-19,132,131,16,12.12,122.52,1,0.76,1,0.76,0.00,4.42,5.56,20.59,100.0,0.0,0,NULL,9,1,5,0,0,0.00,USD,20.59
Day of 2025-02-18,2025-02-18,2025-02-18,108,106,7,6.48,19.17,2,1.85,0,0.00,0.00,3.67,4.84,22.21,100.0,0.0,0,NULL,9,1,5,0,0,0.00,USD,22.21
Day of 2025-02-17,2025-02-17,2025-02-17,124,120,10,8.06,102.55,4,3.23,0,0.00,0.00,4.29,5.41,23.06,100.0,0.0,0,NULL,13,3,8,0,0,0.00,USD,23.06
Day of 2025-02-16,2025-02-16,2025-02-16,201,190,10,4.98,79.05,11,5.47,6,2.99,0.00,4.07,5.25,26.42,98.04,1.96,80,NULL,16,5,9,0,0,0.00,USD,26.42
Day of 2025-02-15,2025-02-15,2025-02-15,176,170,14,7.95,96.77,6,3.41,5,2.84,0.00,3.86,4.74,24.39,100.0,0.0,0,NULL,10,1,8,0,0,0.00,USD,24.39
Day of 2025-02-14,2025-02-14,2025-02-14,153,152,11,7.19,119.57,1,0.65,1,0.65,0.65,4.73,6.42,26.53,99.75,0.25,10,NULL,8,NULL,7,0,0,0.00,USD,26.53
Day of 2025-02-13,2025-02-13,2025-02-13,134,133,11,8.21,93.58,1,0.75,0,0.00,0.00,3.43,4.87,25.03,100.0,0.0,0,NULL,12,1,9,0,0,0.00,USD,25.03
Day of 2025-02-12,2025-02-12,2025-02-12,106,106,5,4.72,60.44,0,0.00,0,0.00,0.00,3.95,5.11,25.39,100.0,0.0,0,NULL,8,2,3,0,0,0.00,USD,25.39
Day of 2025-02-11,2025-02-11,2025-02-11,91,91,7,7.69,41.52,0,0.00,0,0.00,0.00,3.29,4.14,18.83,100.0,0.0,0,NULL,5,2,3,0,0,0.00,USD,18.83
Day of 2025-02-10,2025-02-10,2025-02-10,97,97,11,11.34,56.86,0,0.00,0,0.00,0.00,3.30,4.33,19.25,100.0,0.0,0,NULL,8,1,4,0,0,0.00,USD,19.25
Day of 2025-02-09,2025-02-09,2025-02-09,166,155,12,7.23,57.98,11,6.63,6,3.61,0.00,3.32,4.17,24.50,99.9,0.1,4,NULL,9,NULL,5,0,0,0.00,USD,24.50
Day of 2025-02-08,2025-02-08,2025-02-08,202,193,26,12.87,120.62,9,4.46,5,2.48,0.50,4.28,5.33,24.08,99.78,0.22,9,NULL,13,3,6,0,0,0.00,USD,24.08
Day of 2025-02-07,2025-02-07,2025-02-07,169,165,10,5.92,90.04,4,2.37,3,1.78,0.00,4.17,4.99,22.56,99.66,0.34,14,NULL,14,NULL,11,0,0,0.00,USD,22.56
Day of 2025-02-06,2025-02-06,2025-02-06,132,132,8,6.06,56.22,0,0.00,0,0.00,0.00,3.53,4.50,22.25,100.0,0.0,0,NULL,6,NULL,5,0,0,0.00,USD,22.25
Day of 2025-02-05,2025-02-05,2025-02-05,135,133,12,8.89,65.90,2,1.48,1,0.74,0.00,4.93,6.10,22.33,100.0,0.0,0,NULL,16,5,7,0,0,0.00,USD,22.33
Day of 2025-02-04,2025-02-04,2025-02-04,103,102,13,12.62,91.72,1,0.97,1,0.97,0.00,3.45,4.83,19.28,100.0,0.0,0,NULL,9,3,4,0,0,0.00,USD,19.28
Day of 2025-02-03,2025-02-03,2025-02-03,113,111,9,7.96,53.37,2,1.77,0,0.00,0.00,5.26,6.68,22.20,98.16,1.84,63,NULL,7,1,5,0,0,0.00,USD,22.20
Day of 2025-02-02,2025-02-02,2025-02-02,183,177,14,7.65,88.02,6,3.28,4,2.19,0.00,5.59,6.84,24.76,99.24,0.76,31,NULL,11,3,6,0,0,0.00,USD,24.76
Day of 2025-02-01,2025-02-01,2025-02-01,194,188,17,8.76,194.98,6,3.09,4,2.06,0.00,5.64,7.19,26.95,98.53,1.47,60,NULL,13,1,8,0,0,0.00,USD,26.95
Day of 2025-01-31,2025-01-31,2025-01-31,175,172,9,5.14,85.02,3,1.71,1,0.57,0.57,4.16,5.13,24.48,100.0,0.0,0,NULL,7,NULL,5,0,0,0.00,USD,24.48
Day of 2025-01-30,2025-01-30,2025-01-30,122,120,9,7.38,53.37,2,1.64,0,0.00,0.00,3.61,4.55,19.18,100.0,0.0,0,NULL,10,1,5,0,0,0.00,USD,19.18
Day of 2025-01-29,2025-01-29,2025-01-29,104,102,4,3.85,15.39,2,1.92,1,0.96,0.96,4.05,5.19,21.76,100.0,0.0,0,NULL,10,NULL,7,0,0,0.00,USD,21.76
Day of 2025-01-28,2025-01-28,2025-01-28,97,97,4,4.12,26.64,0,0.00,0,0.00,0.00,3.65,4.51,19.01,100.0,0.0,0,NULL,9,4,2,0,0,0.00,USD,19.01
Day of 2025-01-27,2025-01-27,2025-01-27,106,105,4,3.77,29.69,1,0.94,1,0.94,0.00,4.00,4.94,20.57,100.0,0.0,0,NULL,9,2,4,0,0,0.00,USD,20.57
Day of 2025-01-26,2025-01-26,2025-01-26,154,148,7,4.55,53.38,6,3.90,3,1.95,0.00,3.61,4.60,22.73,99.22,0.78,32,NULL,12,NULL,8,0,0,0.00,USD,22.73
Day of 2025-01-25,2025-01-25,2025-01-25,155,151,8,5.16,44.27,4,2.58,3,1.94,0.65,3.30,4.31,21.20,100.0,0.0,0,NULL,14,2,10,0,0,0.00,USD,21.20
Day of 2025-01-24,2025-01-24,2025-01-24,137,133,3,2.19,22.97,4,2.92,2,1.46,0.00,3.88,5.05,23.49,98.6,1.4,57,NULL,9,NULL,8,0,0,0.00,USD,23.49
Day of 2025-01-23,2025-01-23,2025-01-23,123,120,8,6.50,56.20,3,2.44,2,1.63,0.00,3.01,4.89,24.98,100.0,0.0,0,NULL,9,2,5,0,0,0.00,USD,24.98
Day of 2025-01-22,2025-01-22,2025-01-22,143,142,16,11.19,119.55,1,0.70,1,0.70,0.00,4.36,5.49,22.66,100.0,0.0,0,NULL,12,2,10,0,0,0.00,USD,22.66
Day of 2025-01-21,2025-01-21,2025-01-21,112,112,4,3.57,26.79,0,0.00,0,0.00,0.00,3.16,4.14,19.28,100.0,0.0,0,NULL,6,2,3,0,0,0.00,USD,19.28
Day of 2025-01-20,2025-01-20,2025-01-20,124,123,13,10.48,86.31,1,0.81,0,0.00,0.81,3.05,4.39,21.01,100.0,0.0,0,NULL,10,2,6,0,0,0.00,USD,21.01
Day of 2025-01-19,2025-01-19,2025-01-19,168,157,11,6.55,60.91,11,6.55,10,5.95,0.00,4.42,5.62,24.45,90.72,9.28,379,NULL,13,2,8,0,0,0.00,USD,24.45
Day of 2025-01-18,2025-01-18,2025-01-18,145,134,7,4.83,44.18,11,7.59,8,5.52,0.00,4.82,5.74,21.76,97.84,2.16,88,NULL,7,2,4,0,0,0.00,USD,21.76
Day of 2025-01-17,2025-01-17,2025-01-17,147,139,12,8.16,52.99,8,5.44,8,5.44,0.00,4.07,5.44,23.09,97.6,2.4,98,NULL,7,1,5,0,0,0.00,USD,23.09
Day of 2025-01-16,2025-01-16,2025-01-16,92,90,4,4.35,20.49,2,2.17,0,0.00,0.00,3.35,4.31,23.28,100.0,0.0,0,NULL,5,2,3,0,0,0.00,USD,23.28
Day of 2025-01-15,2025-01-15,2025-01-15,104,100,3,2.88,10.59,4,3.85,2,1.92,0.96,3.98,5.14,20.08,100.0,0.0,0,NULL,5,3,1,0,0,0.00,USD,20.08
Day of 2025-01-14,2025-01-14,2025-01-14,116,115,7,6.03,63.38,1,0.86,0,0.00,0.00,3.82,4.79,24.55,99.94,0.06,2,NULL,6,NULL,4,0,0,0.00,USD,24.55
Day of 2025-01-13,2025-01-13,2025-01-13,94,93,8,8.51,100.36,1,1.06,0,0.00,0.00,4.71,5.61,20.07,100.0,0.0,0,NULL,2,NULL,2,0,0,0.00,USD,20.07
Day of 2025-01-12,2025-01-12,2025-01-12,127,115,5,3.94,34.98,12,9.45,8,6.30,0.00,3.18,4.14,20.79,98.01,1.99,81,NULL,8,2,4,0,0,0.00,USD,20.79
Day of 2025-01-11,2025-01-11,2025-01-11,165,156,8,4.85,40.40,9,5.45,8,4.85,0.00,4.25,5.21,22.65,95.93,4.07,166,NULL,18,3,14,0,0,0.00,USD,22.65
Day of 2025-01-10,2025-01-10,2025-01-10,153,152,12,7.84,122.92,1,0.65,1,0.65,0.65,3.71,5.30,22.35,100.0,0.0,0,NULL,14,2,9,0,0,0.00,USD,22.35
Day of 2025-01-09,2025-01-09,2025-01-09,95,93,5,5.26,38.08,2,2.11,0,0.00,0.00,4.07,5.23,19.94,100.0,0.0,0,NULL,4,1,2,0,0,0.00,USD,19.94
Day of 2025-01-08,2025-01-08,2025-01-08,113,112,12,10.62,73.57,1,0.89,0,0.00,0.00,4.98,6.03,20.93,100.0,0.0,0,NULL,9,NULL,8,0,0,0.00,USD,20.93
Day of 2025-01-07,2025-01-07,2025-01-07,100,99,7,7.00,55.57,1,1.00,1,1.00,0.00,4.35,5.64,21.11,98.45,1.55,53,NULL,5,1,2,0,0,0.00,USD,21.11
Day of 2025-01-06,2025-01-06,2025-01-06,88,85,11,12.50,87.95,3,3.41,0,0.00,0.00,4.44,5.65,21.63,99.91,0.09,3,NULL,5,2,2,0,0,0.00,USD,21.63
Day of 2025-01-05,2025-01-05,2025-01-05,164,157,17,10.37,122.97,7,4.27,4,2.44,0.00,4.22,5.29,21.38,99.54,0.46,20,NULL,11,4,4,0,0,0.00,USD,21.38
Day of 2025-01-04,2025-01-04,2025-01-04,148,138,10,6.76,49.24,10,6.76,6,4.05,2.03,3.77,4.56,22.85,96.99,3.01,130,NULL,6,1,3,0,0,0.00,USD,22.85
Day of 2025-01-03,2025-01-03,2025-01-03,189,183,19,10.05,116.73,6,3.17,4,2.12,0.00,3.86,4.74,23.21,100.0,0.0,0,NULL,7,1,4,0,0,0.00,USD,23.21
Day of 2025-01-02,2025-01-02,2025-01-02,123,116,12,9.76,84.13,7,5.69,5,4.07,0.00,4.26,5.47,20.78,99.31,0.69,24,NULL,4,1,2,0,0,0.00,USD,20.78
Day of 2025-01-01,2025-01-01,2025-01-01,120,119,10,8.33,95.26,1,0.83,0,0.00,0.83,4.63,5.45,20.09,100.0,0.0,0,NULL,8,2,5,0,0,0.00,USD,20.09
