profile_name,profile_id,folder_id,browser_type,os_type,created_at,last_used
Bear Family Restaurants MCD,e03b54eb-fa9f-4209-ac50-73214b171667,289b34cb-e0e8-4128-adc9-855b8406f1f3,mimic,windows,2025-08-08T09:00:11.167677Z,
Copy 1 of DoorDash_Upchurch_Management,edee971e-8276-42d2-9404-1382eb8116b6,289b34cb-e0e8-4128-adc9-855b8406f1f3,mimic,windows,2025-11-05T03:51:33.919408Z,
Copy 1 of UberEats,f066ebf9-501b-4608-8adf-03a15390a181,289b34cb-e0e8-4128-adc9-855b8406f1f3,mimic,windows,2026-05-15T17:49:20.190074Z,
Default profile name,78468a22-6b22-4114-8c20-60ae6fcbb411,289b34cb-e0e8-4128-adc9-855b8406f1f3,mimic,windows,2026-04-22T08:29:52.344839Z,
Default profile name,e03a9a5c-233f-4037-b490-55e09c53816e,289b34cb-e0e8-4128-adc9-855b8406f1f3,mimic,macos,2025-10-24T08:52:30.071689Z,
Doordash,447eb1c4-cc59-492e-89c6-f5ecb4294056,289b34cb-e0e8-4128-adc9-855b8406f1f3,mimic,windows,2025-06-30T14:45:16.066327Z,
DoorDash Gmails,0b8f4090-149d-4179-8376-59f6e599daf3,289b34cb-e0e8-4128-adc9-855b8406f1f3,mimic,windows,2025-08-07T14:24:52.202829Z,
DoorDash_ACM_and_CM_LP,7c7ab183-6fb2-434f-9430-63c53d91a4d6,289b34cb-e0e8-4128-adc9-855b8406f1f3,mimic,windows,2025-10-22T13:14:28.051044Z,
"DoorDash_AITF,_INC.",2a1a69e5-65cf-400d-a44c-2651daaf0c45,289b34cb-e0e8-4128-adc9-855b8406f1f3,mimic,windows,2025-10-22T13:14:04.417257Z,
Doordash_Alamo_Family,82eba2af-5d90-42fa-8c5a-fdc949a200dd,289b34cb-e0e8-4128-adc9-855b8406f1f3,mimic,macos,2025-10-19T07:36:42.014877Z,
DoorDash_Alpha_Management,99f19b0b-a197-4650-92f8-e03cc9f84b6b,289b34cb-e0e8-4128-adc9-855b8406f1f3,mimic,windows,2025-08-08T09:28:55.892479Z,
DoorDash_Arc_Limited_Group,e93eb305-1bd0-4986-a80b-b86684554fe2,289b34cb-e0e8-4128-adc9-855b8406f1f3,mimic,windows,2025-08-08T09:29:53.803873Z,
DoorDash_Arnold_Family_Restaurants,4a1c2b2b-2b24-4824-bab6-c1bc568f5260,289b34cb-e0e8-4128-adc9-855b8406f1f3,mimic,windows,2025-08-08T09:33:13.887053Z,
Doordash_Back_Restaurants,b6e39394-5b38-4371-b20b-0245072278b7,289b34cb-e0e8-4128-adc9-855b8406f1f3,mimic,macos,2025-12-10T05:31:03.862593Z,
DoorDash_Bican_Family,141a390c-8fdf-4211-bf1b-54a715baf397,289b34cb-e0e8-4128-adc9-855b8406f1f3,mimic,macos,2025-10-01T16:11:58.951271Z,
DoorDash_Big_Gee_Ent_LLC,e8358b36-0a4d-478b-914f-7fee66f40081,289b34cb-e0e8-4128-adc9-855b8406f1f3,mimic,windows,2025-08-08T09:30:05.486435Z,
DoorDash_Clark_Management,22bab71f-1f21-4505-b995-dfd80b2dbddc,289b34cb-e0e8-4128-adc9-855b8406f1f3,mimic,windows,2025-08-08T09:29:13.540371Z,
DoorDash_Clone_&_Buck,551efb1d-2dc4-4319-ad1f-76d91b17baa9,289b34cb-e0e8-4128-adc9-855b8406f1f3,mimic,windows,2025-08-08T09:29:27.7511Z,
DoorDash_CMF_Enterprises,27aa23ee-63ed-4174-831c-2ee9b053cfdb,289b34cb-e0e8-4128-adc9-855b8406f1f3,mimic,windows,2025-10-22T13:13:50.881847Z,
Doordash_Cristo_LLC,c71fda55-1a11-4d81-ae0c-fdae75b72dea,289b34cb-e0e8-4128-adc9-855b8406f1f3,mimic,macos,2025-10-17T16:20:53.505801Z,
DoorDash_Darmody_Family_McDonalds,46506d20-1404-42ed-986b-8e7b1885f5ab,289b34cb-e0e8-4128-adc9-855b8406f1f3,mimic,windows,2025-10-22T13:13:13.929232Z,
Doordash_DH_Cars,6b1691e8-cdf6-4ef0-9480-daaf0f7abcb9,289b34cb-e0e8-4128-adc9-855b8406f1f3,mimic,macos,2025-12-09T18:49:10.182896Z,
DoorDash_Divine_Favour,483d9a27-8601-4691-8996-28c8db69dde3,289b34cb-e0e8-4128-adc9-855b8406f1f3,mimic,macos,2025-10-10T16:45:47.729327Z,
Doordash_DMD_Restaurants,fd282176-602b-41b4-be9f-6c9d166f6dff,289b34cb-e0e8-4128-adc9-855b8406f1f3,mimic,macos,2025-10-02T18:36:46.377442Z,
DoorDash_Fan_Management_Inc,2c11d688-3db7-4e3f-8588-98b35b1d5779,289b34cb-e0e8-4128-adc9-855b8406f1f3,mimic,windows,2025-10-22T13:14:09.025222Z,
Doordash_FF&G LC_Ent_McD,0352578e-4733-4c1b-8f01-3f119400dabc,289b34cb-e0e8-4128-adc9-855b8406f1f3,mimic,macos,2026-04-29T09:49:12.470057Z,
DoorDash_Five_Fortunes_Group,21d1186d-5332-42c1-aa3c-0f0595481700,289b34cb-e0e8-4128-adc9-855b8406f1f3,mimic,windows,2025-08-08T09:33:38.409474Z,
"DoorDash_FRNCIC,_LLC",9256ddd6-fc83-44a6-ab21-b731b914d258,289b34cb-e0e8-4128-adc9-855b8406f1f3,mimic,windows,2025-10-22T13:13:57.811738Z,
Doordash_Gold_Standard_Management,e4310312-67d7-4608-a5ed-06c43cc65ee8,289b34cb-e0e8-4128-adc9-855b8406f1f3,mimic,macos,2025-12-09T15:21:34.962765Z,
DoorDash_Goodman_Group_Restaurants,cc78e3ae-b351-438c-b0e4-c91ec8dba5f2,289b34cb-e0e8-4128-adc9-855b8406f1f3,mimic,windows,2025-08-08T09:29:07.204046Z,
Doordash_goodwin,1cc12583-ef2f-44af-8cfb-f07425a9ccac,289b34cb-e0e8-4128-adc9-855b8406f1f3,mimic,macos,2025-10-19T21:17:06.061838Z,
Doordash_Grayco_Management,ca14dab7-1f30-4502-89ea-a0a0018c367b,289b34cb-e0e8-4128-adc9-855b8406f1f3,mimic,macos,2025-10-01T17:10:48.885278Z,
DoorDash_Great_Basin_Restaurants,686dedee-8935-4444-a7b0-7962e25488a6,289b34cb-e0e8-4128-adc9-855b8406f1f3,mimic,windows,2025-10-22T13:13:36.356665Z,
Doordash_Greentree_Consulting,9f1b2012-59ce-4c54-9158-66db55714915,289b34cb-e0e8-4128-adc9-855b8406f1f3,mimic,macos,2025-12-10T04:24:24.850967Z,
Doordash_Habit_FiveFortunes,a807c75c-8efb-42e9-bcfd-4223de7e5534,289b34cb-e0e8-4128-adc9-855b8406f1f3,mimic,macos,2025-10-21T14:33:00.286849Z,
DoorDash_Habit_Shawn_Sharif,53168d73-c101-4802-8cfe-4528e6669e85,289b34cb-e0e8-4128-adc9-855b8406f1f3,mimic,windows,2025-08-08T09:33:29.666137Z,
Doordash_Helion_Next,890848c9-a0ec-45ac-a60e-25455c3e4c03,289b34cb-e0e8-4128-adc9-855b8406f1f3,mimic,macos,2025-10-10T17:19:03.972024Z,
DoorDash_Herb's_Place_Inc2,ab67bc73-7b37-4633-965d-4f02679398e5,289b34cb-e0e8-4128-adc9-855b8406f1f3,mimic,windows,2025-08-08T09:29:20.674136Z,
"DoorDash_Herb_&_Kaur,_Inc",569a97d0-a110-4595-ae62-99c1e9062fe7,289b34cb-e0e8-4128-adc9-855b8406f1f3,mimic,windows,2025-08-08T09:32:56.996908Z,
DoorDash_Hugh_O’Reilly_MCD,4fbac59e-981a-4ad9-99b7-5d333988d4ba,289b34cb-e0e8-4128-adc9-855b8406f1f3,mimic,windows,2025-08-08T09:27:55.894177Z,
Doordash_Huston_Lynn,ccd70aee-ca56-45dc-a0ab-cb1f955a750e,289b34cb-e0e8-4128-adc9-855b8406f1f3,mimic,macos,2025-12-30T13:41:55.221014Z,
"DoorDash_Infinite_Buena_Vida,_LLC",7671d1df-a8e5-4abb-905f-cce6156899a2,289b34cb-e0e8-4128-adc9-855b8406f1f3,mimic,windows,2025-10-22T13:14:32.907175Z,
Doordash_jams,1f07a1ca-8963-4318-8733-4bfc485caa59,289b34cb-e0e8-4128-adc9-855b8406f1f3,mimic,macos,2025-12-03T14:36:41.682861Z,
Doordash_JFLA,013efa67-4ad1-4afb-aee6-d4ee11270411,289b34cb-e0e8-4128-adc9-855b8406f1f3,mimic,macos,2025-10-19T20:53:01.847499Z,
DoorDash_JKK_Enterprises,4919ab15-9397-48c2-924b-c2ce5eccd56c,289b34cb-e0e8-4128-adc9-855b8406f1f3,mimic,windows,2025-08-08T09:28:27.984852Z,
Doordash_JS_Restaurant_Management,7e2059c8-df5e-40ca-9f83-194e233805d0,289b34cb-e0e8-4128-adc9-855b8406f1f3,mimic,macos,2025-10-19T22:05:40.201177Z,
Doordash_JSJRI_JS&J_McD_Ent,ea90d74c-b457-46af-8029-c87d3fbec9e7,289b34cb-e0e8-4128-adc9-855b8406f1f3,mimic,macos,2026-04-29T09:54:21.854137Z,
DoorDash_KFC_CRG,ea609bb7-8c37-4b04-8e45-d5b4639aea63,289b34cb-e0e8-4128-adc9-855b8406f1f3,mimic,windows,2025-08-08T09:32:35.336412Z,
DoorDash_KFC_Ismo_Group,5bf0e245-28e4-46b3-af4d-e08442647870,289b34cb-e0e8-4128-adc9-855b8406f1f3,mimic,windows,2025-08-08T09:32:18.394482Z,
DoorDash_KFC_LSharp,e24b67b9-862e-48b0-a77b-ff731f15a7c3,289b34cb-e0e8-4128-adc9-855b8406f1f3,mimic,windows,2025-08-08T09:32:25.162582Z,
Doordash_KFC_Shawn_Shariff,5d6e5082-41f1-4bda-97c0-e721d012b626,289b34cb-e0e8-4128-adc9-855b8406f1f3,mimic,macos,2025-11-21T17:35:56.585611Z,
DoorDash_Kinney_QSR,ef8c70e5-c974-46d4-8526-cb50e1916fa5,289b34cb-e0e8-4128-adc9-855b8406f1f3,mimic,windows,2025-08-08T09:28:47.167936Z,
DoorDash_Kipco_Restaurants,0a8d0e6b-eb70-4969-a2a9-36d5f508ed74,289b34cb-e0e8-4128-adc9-855b8406f1f3,mimic,macos,2025-10-01T18:36:41.69235Z,
DoorDash_Knoth_Management_Group,87fb005c-441f-4d0b-9c47-01bbb8ed45b2,289b34cb-e0e8-4128-adc9-855b8406f1f3,mimic,windows,2025-08-08T09:31:21.369027Z,
DoorDash_Kory_Management,84277c80-5f33-4049-8833-9076c5981c3a,289b34cb-e0e8-4128-adc9-855b8406f1f3,mimic,windows,2025-08-08T09:29:37.74865Z,
DoorDash_L3_Restaurants_Inc,e6aee32e-789a-4b80-8a53-d454e32e9635,289b34cb-e0e8-4128-adc9-855b8406f1f3,mimic,windows,2025-08-08T09:31:12.068713Z,
"DoorDash_LAZ_II,_Inc",60d16a26-94ac-4f4e-a433-244212de3263,289b34cb-e0e8-4128-adc9-855b8406f1f3,mimic,windows,2025-08-08T09:31:49.157273Z,
Doordash_Mann,3957fc9c-0935-47a9-84c3-581c5d8e971b,289b34cb-e0e8-4128-adc9-855b8406f1f3,mimic,macos,2025-12-10T23:00:37.594741Z,
Doordash_Mao,5fd1b8fb-d765-4bb7-8066-5433e19d4afa,289b34cb-e0e8-4128-adc9-855b8406f1f3,mimic,macos,2025-10-24T08:53:58.783347Z,
DoorDash_Marks_Management,8c5947d3-937e-4d1d-b04b-3f0424a654c8,289b34cb-e0e8-4128-adc9-855b8406f1f3,mimic,windows,2025-08-08T09:32:02.801706Z,
Doordash_McEnaney,adf94340-0ef6-4e47-822d-7ab0ec3747df,289b34cb-e0e8-4128-adc9-855b8406f1f3,mimic,macos,2025-12-03T15:21:55.798087Z,
Doordash_McGuire_Management_Group,292f1763-1cb7-4652-8c33-306898a07de1,289b34cb-e0e8-4128-adc9-855b8406f1f3,mimic,macos,2025-12-09T14:07:26.655373Z,
Doordash_Muler,86ba8dd5-a68c-4ddb-aa61-af60789a74ae,289b34cb-e0e8-4128-adc9-855b8406f1f3,mimic,macos,2025-12-17T14:45:18.051354Z,
DoorDash_O'Keefe_Family_McDonald's,b271cb60-20b2-4f7c-a2ed-c2c4545bc873,289b34cb-e0e8-4128-adc9-855b8406f1f3,mimic,windows,2025-08-08T09:31:31.350662Z,
DoorDash_Orion_3,dfddeb94-21cf-45b2-96db-c04af606dc0a,289b34cb-e0e8-4128-adc9-855b8406f1f3,mimic,windows,2025-10-22T13:13:45.945855Z,
Doordash_overby,14d802f5-1734-4ec2-afae-3d91da1be1e9,289b34cb-e0e8-4128-adc9-855b8406f1f3,mimic,macos,2025-10-19T21:57:09.92748Z,
Doordash_Palacios,41e0444d-b3b5-46bf-8609-1c29bf38cf7e,289b34cb-e0e8-4128-adc9-855b8406f1f3,mimic,macos,2025-12-16T16:48:53.522031Z,
Doordash_Pernecky_Management,fb39fa61-7362-4577-8548-87b93997f65b,289b34cb-e0e8-4128-adc9-855b8406f1f3,mimic,macos,2025-10-01T19:25:20.947561Z,
DoorDash_Pizza_Hut_CRG,9fa78872-d239-47a1-96b0-6d4a5438ff69,289b34cb-e0e8-4128-adc9-855b8406f1f3,mimic,windows,2025-08-08T09:33:05.873223Z,
Doordash_PKA_LLC_SYS_LLC,4173af15-25b9-4e20-8805-2bf262d65143,289b34cb-e0e8-4128-adc9-855b8406f1f3,mimic,macos,2026-01-08T10:13:14.798576Z,
DoorDash_QSC_Enterprises,33f53b78-40b8-4f93-8d01-c307209e9bf3,289b34cb-e0e8-4128-adc9-855b8406f1f3,mimic,windows,2025-08-08T09:28:38.356431Z,
DoorDash_QSR_Executive_Enterprises,1af4d161-6a3a-476e-be53-e0d4c1935cec,289b34cb-e0e8-4128-adc9-855b8406f1f3,mimic,windows,2025-08-08T09:29:59.351905Z,
Doordash_Quijano,e307f14b-d65d-4200-8239-247b7290b180,289b34cb-e0e8-4128-adc9-855b8406f1f3,mimic,macos,2026-04-29T09:27:47.586256Z,
DoorDash_Ricely_Group,c7930ed0-cc21-4767-8531-3c976f0e4ae2,289b34cb-e0e8-4128-adc9-855b8406f1f3,mimic,windows,2025-08-08T09:30:55.255554Z,
Doordash_RJRO_LLC,8e4e7035-7fb1-4acd-8478-2e11b8ba1cb1,289b34cb-e0e8-4128-adc9-855b8406f1f3,mimic,macos,2025-12-09T21:03:21.323835Z,
"DoorDash_Romidod,_Inc",9607b12c-0e64-4c49-a15c-cd02b60d1ca0,289b34cb-e0e8-4128-adc9-855b8406f1f3,mimic,windows,2025-08-08T09:32:50.270811Z,
"DoorDash_Satvinder_Sraon,_Inc",99f5bfbf-8e68-4c65-a461-3f1ed7f4957d,289b34cb-e0e8-4128-adc9-855b8406f1f3,mimic,windows,2025-08-08T09:32:44.13936Z,
DoorDash_Schmitt_McDonalds,68c5fe28-2049-471a-b897-6c8d5ad1f08c,289b34cb-e0e8-4128-adc9-855b8406f1f3,mimic,windows,2025-10-22T13:13:06.142452Z,
Doordash_SMG_McD_Ent,f1edbcdf-ec17-46ab-b329-c9b272ba61a7,289b34cb-e0e8-4128-adc9-855b8406f1f3,mimic,macos,2026-04-29T09:42:25.143155Z,
DoorDash_SSM_Inc_MCD,035422bd-9f65-46ff-9fb4-d7cb7bd4f191,289b34cb-e0e8-4128-adc9-855b8406f1f3,mimic,windows,2025-08-08T09:28:07.170349Z,
DoorDash_T&N_Executives_Inc.,f546c7c1-91f4-4495-af80-703d82e747bb,289b34cb-e0e8-4128-adc9-855b8406f1f3,mimic,windows,2025-10-22T13:14:22.425142Z,
DoorDash_Teck_Restaurants,ba379b76-d7eb-43e1-b7b8-29b9ea74674a,289b34cb-e0e8-4128-adc9-855b8406f1f3,mimic,windows,2025-10-22T13:13:22.797852Z,
DoorDash_The_Dawkins_Management_Group_LLC,64c97d27-564b-471b-8cb3-5b82c790e31f,289b34cb-e0e8-4128-adc9-855b8406f1f3,mimic,windows,2025-10-22T13:13:29.103495Z,
"DoorDash_The_Lojo_Family,_Inc",5d8ebe22-4e67-471b-812d-dc7adf0de6fa,289b34cb-e0e8-4128-adc9-855b8406f1f3,mimic,windows,2025-10-22T13:14:17.771134Z,
DoorDash_Third_Gen_Management,a4761dc4-31ee-4de1-a695-49762a7d2dbe,289b34cb-e0e8-4128-adc9-855b8406f1f3,mimic,windows,2025-08-08T09:28:13.86688Z,
DoorDash_Third_Gen_Management_/_Glennhaven,34c589f4-822e-4010-abaf-459403c3ff2f,289b34cb-e0e8-4128-adc9-855b8406f1f3,mimic,windows,2025-08-08T09:28:19.330223Z,
DoorDash_Upchurch_Management,f1e3b6a0-6025-4133-8755-aac4c7b30c91,289b34cb-e0e8-4128-adc9-855b8406f1f3,mimic,windows,2025-08-08T09:31:39.057251Z,
Doordash_Upchurch_Operator,112d7140-fbb0-4335-9681-5b19be5795db,289b34cb-e0e8-4128-adc9-855b8406f1f3,mimic,macos,2025-11-04T17:53:49.992824Z,
"DoorDash_West_Mount_23719,_LLC",0d1eba57-f59b-4b72-a370-3d77898e8f38,289b34cb-e0e8-4128-adc9-855b8406f1f3,mimic,windows,2025-08-08T09:30:37.314916Z,
DoorDash_Wiseman_LLC,ddc21971-35b1-4217-8724-17cbca838b1b,289b34cb-e0e8-4128-adc9-855b8406f1f3,mimic,windows,2025-08-08T09:30:27.873032Z,
GrubHub VB,75d3994d-368e-4139-995f-04feefff6bed,289b34cb-e0e8-4128-adc9-855b8406f1f3,mimic,windows,2026-05-13T17:54:23.427907Z,
GrubHub_Profile_1776829153,e3ebab94-f3bf-447d-a573-6e829e8411bb,289b34cb-e0e8-4128-adc9-855b8406f1f3,mimic,windows,2026-04-22T03:39:14.215537Z,
GrubHub_Profile_1777290922,d3987fce-43cb-43f3-8dff-19be514fd5e2,289b34cb-e0e8-4128-adc9-855b8406f1f3,mimic,windows,2026-04-27T11:55:22.397889Z,
GrubHub_Profile_1777290948,d877d82b-d3e4-4a28-a2de-3451594e73bc,289b34cb-e0e8-4128-adc9-855b8406f1f3,mimic,windows,2026-04-27T11:55:49.124414Z,
GrubHub_Profile_1777843114,0e60579d-4348-4906-8afb-b18d03beae3e,289b34cb-e0e8-4128-adc9-855b8406f1f3,mimic,windows,2026-05-03T21:18:34.312828Z,
GrubHub_Profile_1777843114,8240136a-6d46-4059-91fc-5f44283e725d,289b34cb-e0e8-4128-adc9-855b8406f1f3,mimic,windows,2026-05-03T21:18:34.790496Z,
GrubHub_Profile_1777843115,d5956c9a-31f8-4d2c-a56b-4ae73aae8e41,289b34cb-e0e8-4128-adc9-855b8406f1f3,mimic,windows,2026-05-03T21:18:35.529977Z,
GrubHub_Profile_1777843116,d02f0c79-48ed-4340-8a2b-c4ad2ebfb553,289b34cb-e0e8-4128-adc9-855b8406f1f3,mimic,windows,2026-05-03T21:18:36.43731Z,
GrubHub_Profile_1777968217,c14c9f14-e35c-45a8-8afe-3f09a10861bd,289b34cb-e0e8-4128-adc9-855b8406f1f3,mimic,windows,2026-05-05T08:03:38.093368Z,
GrubHub_Profile_1777969900,2b6e00d0-2fe6-41cf-9716-2daa50d4be14,289b34cb-e0e8-4128-adc9-855b8406f1f3,mimic,windows,2026-05-05T08:31:40.290046Z,
GrubHub_Profile_1778063958,8c4b0593-d4e4-4a6d-bd0b-f9d339a6ea32,289b34cb-e0e8-4128-adc9-855b8406f1f3,mimic,windows,2026-05-06T10:39:18.758286Z,
GrubHub_Profile_1778063959,483c1a47-e0e6-4022-af15-55e56cc7a868,289b34cb-e0e8-4128-adc9-855b8406f1f3,mimic,windows,2026-05-06T10:39:20.054953Z,
GrubHub_Profile_1778063963,0b8f503d-ba7c-4869-b94c-4d51dea08890,289b34cb-e0e8-4128-adc9-855b8406f1f3,mimic,windows,2026-05-06T10:39:23.908258Z,
GrubHub_Profile_1778063976,2564aa50-9d23-46c0-880b-4dda9b957714,289b34cb-e0e8-4128-adc9-855b8406f1f3,mimic,windows,2026-05-06T10:39:37.098748Z,
GrubHub_Profile_1778063989,076abbd4-565a-4421-8438-8efd8f445f76,289b34cb-e0e8-4128-adc9-855b8406f1f3,mimic,windows,2026-05-06T10:39:49.160226Z,
GrubHub_Profile_1778573036,c87c87c5-6844-41fd-91e2-a1fd64d6276c,289b34cb-e0e8-4128-adc9-855b8406f1f3,mimic,windows,2026-05-12T08:03:56.460838Z,
GrubHub_Profile_1778573113,8267eb0d-828e-4ebf-8842-d942cc4e848f,289b34cb-e0e8-4128-adc9-855b8406f1f3,mimic,windows,2026-05-12T08:05:13.657715Z,
GrubHub_Profile_1778573196,8c3983ee-6cd0-4faf-8fc6-ded22a6167d0,289b34cb-e0e8-4128-adc9-855b8406f1f3,mimic,windows,2026-05-12T08:06:36.868728Z,
GrubHub_Profile_1778573333,0de4a272-6518-4c2a-9f83-a12ccd088520,289b34cb-e0e8-4128-adc9-855b8406f1f3,mimic,windows,2026-05-12T08:08:53.793983Z,
GrubHub_Profile_1778573713,b7d7fedf-a315-45e6-97cd-ad7f3704b86b,289b34cb-e0e8-4128-adc9-855b8406f1f3,mimic,windows,2026-05-12T08:15:13.733963Z,
GrubHub_Profile_1778779622,a1f804a0-4cc2-4bd6-8ca4-8058571bbca5,289b34cb-e0e8-4128-adc9-855b8406f1f3,mimic,windows,2026-05-14T17:27:04.620201Z,
GrubHub_Profile_1778779809,5d614d67-d4ca-4288-8cbf-fdd01e571870,289b34cb-e0e8-4128-adc9-855b8406f1f3,mimic,windows,2026-05-14T17:30:12.445874Z,
GrubHub_Profile_1778780125,33f1fdfa-4d77-4610-b99c-e0593e21cd73,289b34cb-e0e8-4128-adc9-855b8406f1f3,mimic,windows,2026-05-14T17:35:27.659629Z,
GrubHub_Profile_1778780464,cb738ed4-6c0a-4bed-9eaa-1641f4d1f162,289b34cb-e0e8-4128-adc9-855b8406f1f3,mimic,windows,2026-05-14T17:41:07.541804Z,
GrubHub_Profile_1778780902,1ed4a121-8011-474f-9681-7035abf8438b,289b34cb-e0e8-4128-adc9-855b8406f1f3,mimic,windows,2026-05-14T17:48:25.492608Z,
GrubHub_Profile_1778781457,7fe67e48-2dd4-4077-86ec-3a2bd1e303e1,289b34cb-e0e8-4128-adc9-855b8406f1f3,mimic,windows,2026-05-14T17:57:39.839337Z,
GrubHub_Profile_1778782457,1978c363-513a-444a-9dda-4e6783a10668,289b34cb-e0e8-4128-adc9-855b8406f1f3,mimic,windows,2026-05-14T18:14:19.838981Z,
GrubHub_Profile_1778783157,a418fb02-0a4b-4f14-a39f-957a4b2cd384,289b34cb-e0e8-4128-adc9-855b8406f1f3,mimic,windows,2026-05-14T18:25:59.605715Z,
GrubHub_Profile_1778784181,fe80f204-20fe-44bd-9276-1990c6f166f1,289b34cb-e0e8-4128-adc9-855b8406f1f3,mimic,windows,2026-05-14T18:43:03.97875Z,
GrubHub_Profile_1778784518,f0f68435-ec84-4dd3-9ebc-ffa7e0c65240,289b34cb-e0e8-4128-adc9-855b8406f1f3,mimic,windows,2026-05-14T18:48:41.010012Z,
GrubHub_Profile_1778784661,5773c622-f761-4684-bb4b-8d55a7d108f7,289b34cb-e0e8-4128-adc9-855b8406f1f3,mimic,windows,2026-05-14T18:51:03.585918Z,
GrubHub_Profile_1778785163,0a21fd7d-afe2-41cd-a27f-407659eade4b,289b34cb-e0e8-4128-adc9-855b8406f1f3,mimic,windows,2026-05-14T18:59:26.447287Z,
GrubHub_Profile_1778785597,70e4dcd3-56ac-4e7c-8672-742a1d3836e0,289b34cb-e0e8-4128-adc9-855b8406f1f3,mimic,windows,2026-05-14T19:06:40.243017Z,
GrubHub_Profile_1778785913,ba4e30c4-80fc-4f4a-b696-12dc234d36ae,289b34cb-e0e8-4128-adc9-855b8406f1f3,mimic,windows,2026-05-14T19:11:56.286477Z,
GrubHub_Profile_1778786680,d4755057-b28b-480d-88e9-cfc703f14875,289b34cb-e0e8-4128-adc9-855b8406f1f3,mimic,windows,2026-05-14T19:24:43.198519Z,
GrubHub_Profile_1778787993,55b14101-af35-4463-a20c-24a52f1b925a,289b34cb-e0e8-4128-adc9-855b8406f1f3,mimic,windows,2026-05-14T19:46:35.958629Z,
GrubHub_Profile_1778814278,1b83c439-64b3-4f2e-a107-3e2a34bac3ae,289b34cb-e0e8-4128-adc9-855b8406f1f3,mimic,windows,2026-05-15T03:04:38.874915Z,
GrubHub_Profile_1779096255,2f834cba-f568-43e6-9ba2-1e4b155be27b,289b34cb-e0e8-4128-adc9-855b8406f1f3,mimic,windows,2026-05-18T09:24:15.567362Z,
GrubHub_Profile_1779165259,4090d006-1439-451f-a9fe-b4d09484176a,289b34cb-e0e8-4128-adc9-855b8406f1f3,mimic,windows,2026-05-19T04:34:19.978358Z,
GrubHub_Profile_1779168363,0e2fb8be-4a17-4e18-9bb2-18dfc54f9372,289b34cb-e0e8-4128-adc9-855b8406f1f3,mimic,windows,2026-05-19T05:26:03.881807Z,
GrubHub_Profile_1779171015,a1c946b1-aa8b-454c-b706-cceb82c4395b,289b34cb-e0e8-4128-adc9-855b8406f1f3,mimic,windows,2026-05-19T06:10:15.639222Z,
GrubHub_Profile_1779174122,f015e462-4a07-4e81-b19d-0cfeca108a65,289b34cb-e0e8-4128-adc9-855b8406f1f3,mimic,windows,2026-05-19T07:02:02.360163Z,
GrubHub_Profile_1779175827,acacfcb1-52f8-416b-bd02-d70fcc67b75f,289b34cb-e0e8-4128-adc9-855b8406f1f3,mimic,windows,2026-05-19T07:30:27.287464Z,
GrubHub_Profile_1779796170,68933e72-ee04-4d2b-883a-389d6475208e,289b34cb-e0e8-4128-adc9-855b8406f1f3,mimic,windows,2026-05-26T11:49:31.131549Z,
GrubHub_Profile_1779796280,83ed41cb-d3fd-499c-ba9a-65877983882f,289b34cb-e0e8-4128-adc9-855b8406f1f3,mimic,windows,2026-05-26T11:51:21.022306Z,
GrubHub_Profile_1779815416,953bce01-220b-40fd-a765-ef57a800e40c,289b34cb-e0e8-4128-adc9-855b8406f1f3,mimic,windows,2026-05-26T17:10:16.498895Z,
GrubHub_Profile_1779816118,569f7d14-5d02-4c92-97c2-8bafc128d0c6,289b34cb-e0e8-4128-adc9-855b8406f1f3,mimic,windows,2026-05-26T17:21:58.62272Z,
GrubHub_Profile_1779816281,a48d2258-7d31-4f5a-8dc5-75423aea19c9,289b34cb-e0e8-4128-adc9-855b8406f1f3,mimic,windows,2026-05-26T17:24:41.780735Z,
GrubHub_Profile_1779858928,701ce97e-afd2-4fa4-b065-d9984ba0cc07,289b34cb-e0e8-4128-adc9-855b8406f1f3,mimic,windows,2026-05-27T05:15:28.862465Z,
GrubHub_Profile_1780315022,19148209-c2c5-4754-9693-2eb82a7c4af1,289b34cb-e0e8-4128-adc9-855b8406f1f3,mimic,windows,2026-06-01T11:57:02.513974Z,
GrubHub_Profile_1780597869,17f06a80-4f00-46c2-b391-204d7187ef39,289b34cb-e0e8-4128-adc9-855b8406f1f3,mimic,windows,2026-06-04T18:31:10.010177Z,
Jeffreyops_LLC,76849c39-1f04-4948-a502-e6bf59b96faf,289b34cb-e0e8-4128-adc9-855b8406f1f3,mimic,macos,2026-06-04T18:55:23.659866Z,
MCD Roco,16b8d4fc-8017-4117-a670-89c91ee8d79d,289b34cb-e0e8-4128-adc9-855b8406f1f3,mimic,windows,2025-10-12T16:11:12.103569Z,
McD_DD_legacy_journey,712dcb7b-35ef-436e-be76-b51a6c9709bd,289b34cb-e0e8-4128-adc9-855b8406f1f3,mimic,macos,2026-04-29T08:14:09.344366Z,
McD_DINKAR,6dff2781-14a7-4ace-a46b-77d4c0f44800,289b34cb-e0e8-4128-adc9-855b8406f1f3,mimic,macos,2026-01-14T12:29:49.827737Z,
PD Stores,7e29e022-a1aa-44f0-969a-38b2e37bc9a9,289b34cb-e0e8-4128-adc9-855b8406f1f3,mimic,windows,2026-02-13T18:46:25.209138Z,
RJ Nelson Enterprise MCD,24e42271-1708-4333-9def-0d3130fdb751,289b34cb-e0e8-4128-adc9-855b8406f1f3,mimic,windows,2025-08-08T09:03:12.175676Z,
UberEats,0c316240-a353-4afd-aa0e-760293903225,289b34cb-e0e8-4128-adc9-855b8406f1f3,mimic,windows,2025-07-21T18:25:59.130509Z,
